id_company,company
1,ACESITA
2,ALPARGATAS
3,AMADEO ROSSI
4,AMERICA SUL
5,AQUATEC
6,ARACRUZ
7,AUTEL
8,AVIPAL
9,BAMERIND BR
10,BAMERIND PAR
11,BAMERIND SEG
12,BANDEIR INV
13,BANESPA
14,BANESTADO
15,BARDELLA
16,BCN
17,BELPRATO
18,BIC CALOI
19,BRADESCO
20,BRAHMA
21,BRASIL
22,BRASMOTOR
23,CAEMI METAL
24,CASA ANGLO
25,CBV IND MEC
26,CELESC
27,CEMIG
28,CERJ
29,CESP
30,CEVAL
31,CHAPECO
32,CIA HERING
33,CIBRAN
34,CIM ITAU
35,COFAP
36,COLDEX
37,COPEL
38,COPENE
39,COPESUL
40,CORBETTA
41,COSIGUA
42,COSIPA
43,D H B
44,DOCAS
45,DURATEX
46,EBERLE
47,ELETROBRAS
48,ELUMA
49,ERICSSON
50,ESTRELA
51,ETERNIT
52,F CATAGUAZES
53,F GUIMARAES
54,FATOR
55,FERTIBRAS
56,FERTISUL
57,FIBAM
58,FORJA TAURUS
59,FOSFERTIL
60,FRAS-LE
61,FRIGOBRAS
62,GLASSLITE
63,HABITASUL
64,I V I
65,IMPERIO
66,INEPAR
67,IOCHP-MAXION
68,IPIRANGA DIS
69,IPIRANGA PET
70,IPIRANGA REF
71,ITAUBANCO
72,ITAUSA
73,ITAUTEC
74,J B DUARTE
75,KEPLER WEBER
76,KLABIN
77,LABO
78,LIGHT
79,LOJAS AMERIC
80,MADEIRIT
81,MANAH
82,MANASA
83,MANGELS INDL
84,MANNESMANN
85,MENDES JR
86,MET GERDAU
87,METAL LEVE
88,MINUPAR
89,NACIONAL
90,OLMA
91,PANVEL
92,PAPEL SIMAO
93,PARAIBUNA
94,PARANAPANEMA
95,PAUL F LUZ
96,PERDIGAO
97,PETROBRAS
98,PETROBRAS BR
99,PETTENATI
100,PIRELLI PNEU
101,POLIALDEN
102,PROMETAL
103,PRONOR
104,RANDON PART
105,REAL
106,REAL CONS
107,REAL DE INV
108,REAL PART
109,REFRIPAR
110,REN HERMANN
111,RHEEM
112,RHODIA-STER
113,RIPASA
114,SADE VIGESA
115,SADIA CONCOR
116,SALGEMA
117,SAMITRI
118,SCHLOSSER
119,SHARP
120,SID GUAIRA
121,SID NACIONAL
122,SID RIOGRAND
123,SID TUBARAO
124,SOLORRICO
125,SOUZA CRUZ
126,SUPERGASBRAS
127,SUZANO
128,TECEL S JOSE
129,TEKA
130,TEL B CAMPO
131,TELEBRAS
132,TELEPAR
133,TELERJ
134,TELESP
135,TUPY
136,UNIPAR
137,USIMINAS
138,VALE R DOCE
139,VIDR SMARINA
140,VOTEC
141,WEG
142,WHIT MARTINS
143,ACOS VILL
144,ADUBOS TREVO
145,AGRIMISA
146,ANTARC PIAUI
147,ARAPUA
148,AZEVEDO
149,BANDEIRANTES
150,BAPTISTA SIL
151,BELGO MINEIR
152,BIOBRAS
153,BUETTNER
154,CAIUA
155,CELG
156,CIQUINE PETR
157,CONTINENTAL
158,COTEMINAS
159,DIXIELALEKLA
160,ECONOMICO
161,ELETROPAULO
162,EMBRAER
163,ENERSUL
164,FERTIZA
165,GAZOLA
166,GRAZZIOTIN
167,GURGEL
168,IGUACU CAFE
169,INDS ROMI
170,ITAP
171,LAM NACIONAL
172,LIMASA
173,LOJAS RENNER
174,MATEC
175,MET BARBARA
176,METISA
177,MICHELETTO
178,MOTO PECAS
179,MULLER
180,MULTIBRAS
181,NITROCARBONO
182,ORION
183,OSA
184,PERDIGAO AGR
185,PETROQ UNIAO
186,REAL CIA INV
187,SUDAMERIS
188,TECTOY
189,TELEMIG
190,TIBRAS
191,TRAFO
192,TRANSBRASIL
193,TREVISA
194,UNIBANCO
195,VARIG
196,VIGOR
197,WEMBLEY
198,WETZEL MET
199,WIEST
200,AGROCERES
201,BAND C F INV
202,BANGU DESENV
203,BANRISUL
204,BEMGE
205,BOMBRIL
206,CAMACARI
207,CASA J SILVA
208,FERBASA
209,INBRAC
210,IND VILLARES
211,JARI
212,KALIL SEHBE
213,LA FONTE FEC
214,MELPAPER
215,MET DUQUE
216,NADIR FIGUEI
217,NORD BRASIL
218,NOROESTE
219,OLVEBRA
220,PERDIGAO ALM
221,POLITENO
222,SANSUY
223,SULTEPA
224,VARGA FREIOS
225,AMAZONIA
226,ARTEX
227,CONST BETER
228,COR RIBEIRO
229,CREMER
230,FICAP/MARVIN
231,FRANGOSUL
232,GRADIENTE
233,GRANOLEO
234,HERCULES
235,IAP
236,MESBLA
237,MOINHO SANT
238,ORNIEX
239,PETROFLEX
240,PETROQUISA
241,RECRUSUL
242,SADIA OESTE
243,SONDOTECNICA
244,SUPERAGRO
245,UCAR CARBON
246,ALBARUS
247,ANTARCT NORD
248,ANTARCTIC MG
249,BARRETTO
250,BESC
251,BRASPEROLA
252,CACIQUE
253,CEMEPE
254,CIMEPAR
255,CONST A LIND
256,DOVA
257,FAB C RENAUX
258,GUARARAPES
259,LACTA
260,MAGNESITA
261,MARCOPOLO
262,PORTOBELLO
263,PROGRESSO
264,SANTISTA ALM
265,SID ACONORTE
266,SID PAINS
267,TROMBINI
268,ARTHUR LANGE
269,BANEB
270,INVICTA
271,LECO
272,PETROPAR
273,TELEBRASILIA
274,BOAVISTA
275,CAMBUCI
276,CBC CARTUCHO
277,CHIARELLI
278,CIM ARATU
279,FRANCES BRAS
280,LARK MAQS
281,MERC INVEST
282,MET SCHULZ
283,MONTREAL
284,PIRELLI
285,QUIMIC GERAL
286,SIFCO
287,TAM
288,TECHNOS REL
289,ZIVI
290,CZARINA
291,ELDORADO
292,HERING NORD
293,LORENZ
294,MAIO GALLO
295,PEVE PREDIOS
296,SERGEN
297,TRUFANA
298,VILEJACK
299,WETZEL FUND
300,CELUL IRANI
301,EUCATEX
302,INVESTEC
303,LONDRIMALHAS
304,OXITENO
305,BAHIA SUL
306,CONFAB
307,DIJON
308,ITAUNENSE
309,IVEN
310,LIX DA CUNHA
311,MERC S PAULO
312,ODEBRECHT
313,PETR S PAULO
314,PEVE PART
315,ZANINI
316,MARISOL
317,NAKATA
318,MERC BRASIL
319,ENXUTA
320,JOAO FORTES
321,WENTEX
322,ELEBRA
323,LACESA
324,BETA
325,V C P
326,ANTARCTIC PB
327,BANGU P INDL
328,SEHBE PART
329,ANT QUEIROZ
330,LANIF SEHBE
331,NOVA AMERICA
332,TRANSPARANA
333,FECH BRASIL
334,RIOSULENSE
335,TECNOSOLO
336,KARSTEN
337,POLIPROPILEN
338,SEG AL BAHIA
339,SOLA
340,ANTARCTICA
341,ELEKEIROZ
342,TEBA
343,TEC BLUMENAU
344,COBRASMA
345,EMBRACO
346,EMILI ROMANI
347,GIANNINI
348,HOTEIS OTHON
349,NORDON MET
350,PARA DEMINAS
351,BANORTE
352,DOUAT TEXTIL
353,ENGEMIX
354,LINH CIRCULO
355,CIMAF
356,MERC FINANC
357,BANERJ
358,BRASINCA
359,BAUMHARDT
360,D F VASCONC
361,METALAC
362,TEKNO
363,AGRALE
364,AS TEXTIL
365,DOC IMBITUBA
366,BAN ARMAZENS
367,BRASILIT
368,COEST CONST
369,MUND COURO
370,SANTANENSE
371,BRUMADINHO
372,MONT ARANHA
373,PAUL ENERGIA
374,MODDATA
375,BRINQ MIMO
376,VACCHI
377,AMER LEASING
378,ANTARCTIC RN
379,CONPART
380,ARNO
381,TEX RENAUX
382,LA FONTE PAR
383,BERGAMO
384,SANTACONSTAN
385,HERING TEXT
386,BANDEPE
387,MASTER
388,BAHEMA
389,BANESE
390,USIN C PINTO
391,ECIL
392,FINOBRASA
393,COPAS
394,ABC XTAL
395,AGF BRASIL
396,CEDRO
397,VEPLAN
398,BIC MONARK
399,ELEKEIR NORD
400,POLAR
401,DOHLER
402,BENZENEX
403,SANO
404,METAL IGUACU
405,TELEBAHIA
406,C M A MINER
407,PET MANGUINH
408,SPRINGER
409,FICHET
410,DUREX
411,COELBA
412,EDN
413,BANPARA
414,DONA ISABEL
415,LOBRAS
416,MAKRO
417,BAUMER
418,EPEDA SIM
419,IDEROL
420,ANHEMBI
421,GAFISA
422,CAM CORREA
423,SANTISTA PAP
424,DROGASIL
425,JOINVILLENSE
426,CTM CITRUS
427,C FABRINI
428,DIXIE TOGA
429,CEMAT
430,EST GOIAS
431,SARAIVA LIVR
432,ALIPERTI
433,BANESTES
434,ULTRAFERTIL
435,PANATLANTICA
436,SECURIT
437,CELM
438,VULCABRAS
439,MEC PESADA
440,ECISA
441,CEB
442,TRANSAUTO
443,J H SANTOS
444,BORLEM
445,EST AMAZONAS
446,P.ACUCAR-CBD
447,LOJAS ARAPUA
448,TEQUIMAR
449,MELHOR SP
450,SUL AM TERR
451,COELCE
452,MICROTEC
453,DESENBANCO
454,LPC IND ALIM
455,LUMIERE
457,GRAPIA
458,CATA
460,CREFISUL
461,BORGHOFF
462,SUL AMER NAC
463,ELEVAD SUR
464,CARAIBA MET
466,CRED REAL MG
467,SIBRA
468,SOUTO VIDIG
469,ESCELSA
470,GLOBEX
471,CETERP
472,UNIBANCO HLD
474,SUPERMAR
475,ENERTEL
476,IRIDIUM
477,MADEF
478,LIB PART
479,TRIKEM
480,ELEVAD ATLAS
481,NOGAM
483,LIGHTPAR
485,CAF BRASILIA
486,MULTICANAL
487,BOMPRECO
488,SEMP
490,SCHULZ
491,BRAZIL REALT
492,EXCEL ECONOM
493,GERDAU
495,SADOKIN
496,POLIPR PART
497,FER C ATLANT
498,NEMOFEFFER
500,GTD PART
501,GFTT
502,CIMBRASIL
503,LATASA
504,SABESP
505,FINANC BEMGE
506,EST CEARA
508,PERDIGAO S/A
509,CACH DOURADA
510,ROSSI RESID
511,STA CECILIA
512,JARAGUA FABR
513,COMGAS
515,BRAMPAC
516,GRAVATAI
517,GAZETA MERC
518,FERRO LIGAS
519,BRB BANCO
520,LIASA
521,ENCORPAR
522,ITINGA
523,MINASMAQUINA
524,RIOCELL
525,UNIAO SEGURO
527,AMELCO
528,CEVAL PART
529,IENERGIA
531,F SUL ATLANT
532,EBE
533,EMAE
534,EPTE
535,PICOS PART
536,ALPHA
537,TBA CEL
538,TMG CEL
539,TPR CEL
540,TRJ CEL
541,TSP CEL
542,TBR CEL
545,TELEMIG CL
549,CELPE
550,GERASUL
552,VICUNHA NORD
555,TUPIANA
556,PITIMBU PART
558,FERT SERRANA
559,ELEKTRO
560,PIUMA PART
561,PLASCAR PART
562,EMBRATEL PAR
563,TELE CL SUL
564,TELE CTR OES
565,TELE CTR SUL
566,TELE LEST CL
567,TELE NORD CL
568,TELE NORT CL
569,TELE NORT LE
570,TELE SUDESTE
571,TELEBR RCTB
572,TELEMIG PART
573,TELESP CL PA
574,TELESP PART
576,PIRAJU PART
577,POCONE PART
578,RENNER PART
579,LA FONTE TEL
580,REAL CONS PA
581,REAL HLD PAR
582,REALPAR
583,BCR BANCO
585,PARANA EQUIP
587,SEARA ALM
588,BLUE TREE
589,TELES RCTB
590,ACO ALTONA
591,BAHEMA EQUIP
592,DATAMEC
593,TAM CIA INV
594,PANEX
599,GERAL CONCR
600,COSERN
601,RASIP AGRO
602,INEPAR-FEM
603,JOSAPAR
604,GER PARANAP
605,GER TIETE
606,TRAN PAULIST
607,RIO GDE ENER
608,CELPA
609,IBOVESPA
611,PEIXE
612,CRT
613,CRT CELULAR
614,AMBEV
615,SAO CARLOS
616,REALCAFE
617,RCES
618,ULTRAPAR
622,AES SUL
624,TRORION
625,GPC PART
627,FLUM REFRIG
628,MAHLE COFAP
631,IDEIASNET
632,BRASIL T PAR
633,BRASIL TELEC
634,INEPAR TEL
635,ALL AMER LAT
636,BRADESPAR
637,VARIG SERV
638,VARIG TRANSP
641,M ROSCOE
645,LF TEL
646,SULACAP
647,SADIA S.A.
648,PAR AL BAHIA
649,CEG
652,TEF DATA BRA
653,EST PIAUI
654,CPFL GERACAO
655,VICUNHA TEXT
656,MEHIR HOLD
657,TELEMAR N L
658,PEVE FINASA
659,KLAB RIOCELL
660,RCSA
661,AMERICEL
662,TELET
664,KLABIN S/A
666,CCR RODOVIAS
668,TRACTEBEL
671,SUZANO PETR
672,CIMOB PART
673,SANEPAR
674,NET
676,CPFL PIRATIN
677,DTCOM-DIRECT
678,BRASKEM
679,BIOMM
681,POLPAR
682,AES ELPA
683,PROMOAUTO
684,TAM S/A
686,SOLAE
688,LIVR GLOBO
690,MUNDIAL
692,NATURA
693,GOL
694,SUZANO PAPEL
695,CPFL ENERGIA
696,TIM PART S/A
697,MINI IBOV
698,GRENDENE
699,DASA
700,PORTO SEGURO
701,B.MERIDIONAL
702,FII ALMIRANT
703,TIM NORDESTE
704,AMAZONIA CEL
705,FII HIGIENOP
706,CEEE
707,QGN PARTIC
708,RIO BRAVO
709,ENERGISA
710,TELINVEST
711,FII TORRE NO
712,RENAR
713,SUBMARINO
714,CEMAR
716,SERVIX ENG
718,OPPORT RET
719,CEPAC - PMSP
721,LOCALIZA
722,AGCONCESSOES
723,MRS LOGIST
724,FII TORRE AL
725,WLM IND COM
726,ENERGIAS BR
727,OHL BRASIL
728,FII BB PROGR
730,CONTAX
731,NOSSA CAIXA
732,COSAN
734,UOL
735,ARCELOR BR
736,CAIANDA PART
738,COPASA
739,LIGHT S/A
740,COMPANY
741,TOTVS
742,VIVO
743,ABNOTE
744,BRASILAGRO
745,CSU CARDSYST
746,LUPATECH
747,DATASUL
748,CASAN
749,WHIRLPOOL
750,REDE ENERGIA
751,MMX MINER
752,ABYARA
753,AFLUENTE
754,MEDIAL SAUDE
755,KLABINSEGALL
756,AMPLA INVEST
757,M.DIASBRANCO
758,BRASCAN RES
759,PROFARMA
760,CENT AMAPA
761,CENT CORUMBA
762,CENT MIN-RIO
763,ECODIESEL
764,ODONTOPREV
765,POSITIVO INF
766,LOPES BRASIL
767,RB CREDITO
768,PDG REALT
769,CC DES IMOB
770,RODOBENSIMOB
771,TECNISA
772,IGUATEMI
774,SAO MARTINHO
775,GVT HOLDING
776,JBS
777,EVEN
778,PINE
779,SANTANDER BR
780,BR MALLS PAR
782,22 NOVEMBRO
783,FER HERINGER
784,JHSF PART
785,METALFRIO
786,BEMATECH
787,CR2
788,AGRA INCORP
789,TERNA PART
790,CEEE-D
791,SOFISA
792,MARAMBAIA
793,INPAR S/A
794,CAPITALPART
795,LONGDIS
796,SLC AGRICOLA
797,BRAZILIAN FR
798,LOG-IN
799,EZTEC
800,CRUZEIRO SUL
801,DAYCOVAL
802,MARFRIG
803,PARANA
804,TEGMA
805,REDECARD
806,INVEST TUR
807,MINERVA
808,GUARANI
809,MRV
810,TRIUNFO PART
811,INDUSVAL
812,ALPHAPART
813,MULTIPLAN
814,PROVIDENCIA
815,SPRINGS
816,GENERALSHOPP
817,ABC BRASIL
818,ANHANGUERA
819,PATAGONIA
820,DUFRYBRAS
821,EQUATORIAL
822,ESTACIO PART
823,GP INVEST
824,KROTON
825,SANTOS BRAS
826,TARPON
827,TELEFONICA
828,WILSON SONS
829,ELEVA
830,B2W GLOBAL
831,CYRE COM-CCP
832,COSAN LTD
834,BATTISTELLA
835,SATIPEL
836,SUL AMERICA
837,BICBANCO
838,TENDA
839,TRISUL
840,SEB
841,MARISA
842,AGRENCO
843,BOVESPA HLD
844,AMIL
845,BR BROKERS
846,HELBOR
847,LAEP
848,PANAMERICANO
849,BM&F
852,SANTOS BRP
853,MPX ENERGIA
854,TEMPO PART
855,PATRIA INV
856,NUTRIPLANT
857,MAGNESITA SA
858,GEODEX
859,HYPERMARCAS
860,ARGOLIS HOLD
861,LE LIS BLANC
862,JEREISSATI
863,OGX PETROLEO
865,IRONX MINER
866,LLX LOG
867,BMF BOVESPA
870,PRO METALURG
871,CELGPAR
872,INVITEL
873,CLARION
874,ITAUUNIBANCO
877,TARPON INV
881,VISANET
882,BRF FOODS
884,SEG MIN BRAS
885,TIVIT
886,CETIP
887,FIBRIA
888,DIRECIONAL
889,FLEURY
890,STEEL BRASIL
891,CIELO
892,BHG
893,ALIANSCE
894,MULTIPLUS
895,AGRE EMP IMO
896,BR PROPERT
897,OSX BRASIL
898,ECORODOVIAS
899,MILLS
900,DUFRY AG
901,JULIO SIMOES
903,LOJAS MARISA
904,RENOVA
905,TEREOS
906,REDENTOR
907,LOJAS HERING
908,APPLE
909,ARCELOR
910,AVON
911,BANK AMERICA
912,EXXON MOBIL
913,GOOGLE
914,GOLDMANSACHS
915,MCDONALDS
916,PFIZER
917,WAL MART
919,HRT PETROLEO
920,BR INSURANCE
921,VALID
922,CITIGROUP
923,AFLUENTE T
924,PORTX
925,MICROSOFT
926,FREEPORT
927,RAIA
928,JSL
929,AREZZO CO
930,SIERRABRASIL
931,AUTOMETAL
932,QGEP PART
934,IMC HOLDINGS
935,TIME FOR FUN
936,MAGAZ LUIZA
937,PG
938,VIVER
939,ALL ORE
940,DOMUS POPULI
941,TAESA
942,BR PHARMA
943,RJCP EQUITY
944,QUALICORP
945,TECHNOS
946,COCA COLA
947,ABRIL EDUCA
948,GE
949,COLGATE
950,TELEF BRASIL
951,V-AGRO
952,IBM
953,RAIADROGASIL
954,AMERICAN EXP
955,CATERPILLAR
956,MERCK
957,ATT INC
958,NIKE
959,ORACLE
960,WELLS FARGO
961,ALCOA
962,WALT DISNEY
963,AMAZON
964,MASTERCARD
965,MONSANTO
966,VISA INC
967,TGLT
968,LINKEDIN
969,DELL
970,SCHLUMBERGER
971,CISCO
972,EBAY
973,HOME DEPOT
974,UPS
975,OI
976,VIAVAREJO
977,LILLY
978,FEDEX CORP
979,JOHNSON
980,LOCAMERICA
981,BTG PACTUAL
982,COPHILLIPS
983,UNICASA
984,CHEVRON
985,INTEL
986,JPMORGAN
987,ABBOTT
988,AMGEN
989,VERIZON
990,FORD MOTORS
991,HP COMPANY
992,LOCKHEED
993,XEROX CORP
994,BOEING
995,3M
996,CCX CARVAO
997,HAGA S/A
998,COMCAST
999,VIGOR FOOD
1000,LATAM AIRLN
1001,HALLIBURTON
1002,NETFLIX
1003,PHILIPMORRIS
1004,QUALCOMM
1005,MAORI
1006,PEPSICO INC
1007,ARTERIS
1008,DOW CHEMICAL
1009,LINX
1010,H J HEINZ
1011,PACIFIC RUB
1012,STARBUCKS
1013,SENIOR SOL
1014,MORGAN STAN
1015,BIOSEV
1016,ALUPAR
1017,BBSEGURIDADE
1018,SMILES
1022,HONEYWELL
1023,TIME WARNER
1024,BRISTOLMYERS
1025,CPFL RENOVAV
1026,ENEVA
1027,IBRX 50
1028,ANIMA
1029,BERKSHIRE
1030,SER EDUCA
1031,AMBEV S/A
1032,CVC BRASIL
1033,KRAFT GROUP
1034,FACEBOOK
1035,PRUMO
1036,BANCO PAN
1037,TWITTER
1038,COSAN LOG
1039,OUROFINO S/A
1040,BANSANTANDER
1042,UNITED TECH
1043,US BANCORP
1044,ENERGISA MT
1045,TIFFANY
1046,IMC S/A
1047,RUMO LOG
1048,PARCORRETORA
1049,SWEETCOSMET
1050,PETRORIO
1051,BOSTON PROP
1052,UNIONPACIFIC
1053,DANAHER CORP
1054,MONDELEZ INT
1055,SOMOS EDUCA
1056,COTY INC
1057,FEMSA
1058,TEXAS INC
1059,ACCENTURE
1060,BNY MELLON
1061,CRISTAL
1062,KIMBERLY CL
1063,METLIFE INC
1064,TARGET CORP
1065,GEN DYNAMICS
1066,HERSHEY CO
1067,MOSAIC CO
1068,WESTERNUNION
1069,KRAFT HEINZ
1070,POMIFRUTAS
1071,AES TIETE E
1072,CELGENE CORP
1073,CVS HEALTH
1074,GILEAD
1075,THERMFISCHER
1076,BIOGEN
1077,BLACKROCK
1078,SCHWAB
1079,ALPHABET
1080,E I DU PONT
1081,EXPRESCRIPTS
1082,ROSS STORES
1083,TRAVELERS
1084,MACY S
1085,SALESFORCE
1086,VITALYZE.ME
1087,ABBVIE
1088,GAP
1089,DELTA
1090,COGNIZANT
1091,COSTCO
1092,EMC
1093,MEDTRONIC
1094,BTGP BANCO
1095,ENGIE BRASIL
1096,BEST BUY
1097,JC PENNEY
1098,TRANSOCEAN
1099,SPRINT
1100,TESORO CORP
1101,US STEEL
1102,VALERO ENER
1103,CHESAPEAKE
1104,SANCHEZ ENER
1105,FIRST SOLAR
1106,AETNA INC
1107,DUKE ENERGY
1108,AIG GROUP
1109,GENERAL MOT
1110,ALLIAR
1111,TERRA SANTA
1112,UBS GROUP
1113,ADVANCED-DH
1114,TESLA MOTORS
1115,GOPRO
1116,MOVIDA
1117,IHPARDINI
1119,L BRANDS
1120,AMERICAN AIR
1121,RUMO S.A.
1122,ATOMPAR
1123,AZUL
1124,WIZ S.A.
1126,ARCONIC
1127,CARREFOUR BR
1128,BIOTOSCANA
1129,IRBBRASIL RE
1130,OMEGA GER
1131,NOVA OLEO
1132,ANDEAVOR
1133,ODERICH
1134,PPLA
1135,DOMMO
1136,CAMIL
1137,BK BRASIL
1138,B3
1139,DOWDUPONT
1142,LIQ
1143,INTERMEDICA
1144,HAPVIDA
1145,INTER BANCO
1146,BANCO INTER
1147,LOG COM PROP
1148,ALPER S.A.
1149,SINQIA
1151,CENTAURO
1152,ENAUTA PART
1153,MARKEL CORP
1154,MERCADOLIBRE
1155,ADOBE INC
1156,DEERE CO
1157,EQUINIX INC
1158,NVIDIA CORP
1159,PAYPAL HOLD
1160,UNITEDHEALTH
1161,DOLLAR GENER
1162,FASTENAL
1163,SIMON PROP
1164,BOOKING
1165,MICRON TECHN
1166,EXPEDIA GROU
1167,WALGREENS
1168,BROADCOM INC
1169,INTUIT INC
1170,MOODYS CORP
1171,STERLING BNC
1172,AUTOMATIC DT
1173,CAPITAL ONE
1174,CHARTER COMM
1175,CME GROUP
1176,CANAD NATION
1177,CSX CORP
1178,DUPONT N INC
1179,ESTEE LAUDER
1180,KINDER MORGA
1181,LOWES COMPA
1182,ALTRIA GROUP
1183,NEXTERA ENER
1184,NORTHROP GRU
1185,OCCIDENT PTR
1186,PNCFNANCIAL
1187,REGENERON PH
1188,SP GLOBAL
1189,CONSTELLATIO
1190,TJX COMPANIE
1191,VERTEX PHARM
1193,NEOENERGIA
1194,APTIV PLC
1195,ACTIVISION
1196,ARMSTRONG
1197,AUTOZONE INC
1198,CAPRI HOLDI
1199,CHURCH DWIGH
1200,CINCINNATI
1201,CLOROX CO
1202,CANAD PACIFI
1203,CREDIT ACCEP
1204,CARTERS INC
1205,DEUTSCHE AK
1206,DISCOVERY IN
1207,DOLLAR TREE
1208,DAVITA INC
1209,ELECTR ARTS
1210,FIFTH THIRD
1211,FLEETCOR TEC
1212,GEOPARK LTD
1213,INVEST BCORP
1214,KEMPER CORP
1215,LIBERTY BROA
1216,LIBERTY MEDI
1217,OREILLY AUT
1218,SIGNATURE BK
1219,SIRIUS XM HD
1220,HANOVER INSU
1221,TAPESTRY INC
1222,TYSON FOODS
1223,VF CORP
1224,VIACOM INC
1225,VALLEY NTION
1226,VERISIGN INC
1227,WESTERN BCOR
1228,WATERS CORP
1229,DENTSPLY SIR
1230,YUM BRANDS
1231,YDUQS PART
1232,ALIANSCSONAE
1233,BB ETF SP DV
1234,ISHARES BOVA
1235,ETF BRAD BOV
1236,IT NOW IBOV
1237,ISHARES BRAX
1238,IT NOW IDIV
1239,ISHARES ECOO
1240,FUNDES
1241,IT NOW IFNC
1242,FINAM
1243,FINOR
1244,FIP PORT SUD
1245,FISET PESCA
1246,FISET FL REF
1247,FISET TUR
1248,IT NOW IGCT
1249,IT NOW ISE
1250,ISHARE SP500
1251,IT NOW IMAT
1252,IT NOW PIBB
1253,ISHARES SMAL
1254,IT NOW SPXI
1255,CAIXAETFXBOV
1256,FIP XP INFRA
1257,FIP XP OMEGA
1258,FIP IE II
1259,FIP CONQUEST
1260,FOX CORP
1261,VIVARA S.A.
1262,COGNA ON
1263,TERNIUMSA
1264,AB INBEV
1265,FRESENIUS
1266,NOKIA CORP
1267,TAIWANSMFAC
1268,UNILEVER
1269,BANCO BMG
1270,CEA MODAS
1271,PETROCHIN
1272,CTRIPCOM
1273,JD COM
1274,SANTANDER
1275,FIP VINCI IE
1276,SONY CORP
1277,TAURUS ARMAS
1278,STMICROEL
1279,ALIBABAGR
1280,ASML HOLD
1281,BHP GROUP
1282,BAIDU INC
1283,BILBAOVIZ
1284,CANON INC
1285,CRH PLC
1286,DIAGEO PL
1287,HONDA MO
1288,ING GROEP
1289,NETEASE
1290,NOMURA HO
1291,KOPHILIPS
1292,RD SHELL
1293,RIO TINTO
1294,SAP SE
1295,TAKEDAPH
1296,TELEFONIC
1297,TOYOTAMO
1298,EQTL PARA
1299,GRUPO NATURA
1300,ALEXION PHAR
1301,FIDELITY NAT
1302,UBER TECH IN
1303,KOHLS CORP
1304,ARCHER DANIE
1305,SYNCHRONY FI
1306,WESTERN DIG
1307,ADVANCED MIC
1308,APPLIED MATE
1309,INVESCO LTD
1310,CARNIVAL COR
1311,APACHE CORP
1312,MARATHON OIL
1313,CIGNA CORP
1314,UNITED AIRLI
1315,BOSTON SCIEN
1316,DOMINION ENE
1317,FISERV INC
1318,JOHNSON CONT
1319,TECHNIPFMC P
1320,T-MOBILE US
1321,THE SOUTHERN
1322,LAM RESEARCH
1323,EQTLMARANHAO
1324,MITRE REALTY
1325,NXP SEMICOND
1326,SEAGATE TECH
1327,FORTIVE CORP
1328,LOCAWEB
1329,ADVANCE AUTO
1330,AKAMAI TECHN
1331,BIOMARIN PHA
1332,CH ROBINSON
1333,ECOLAB INC
1334,IHS MARKIT L
1335,LINDE PLC
1336,MCCORMICK
1337,NATIONAL OIL
1338,PIONEER NATU
1339,AMERICAN ELE
1340,CENTERPOINT
1341,DTE ENERGY C
1342,EVERSOURCE E
1343,EVERGY INC
1344,PAYCHEX INC
1345,PROLOGIS INC
1346,REPUBLIC SER
1347,TRACTOR SUPP
1348,WASTE MANAG
1349,XCEL ENERGY
1350,CBOE GLOBAL
1351,CERNER CORP
1352,FIRSTENERGY
1353,WW GRAINGER
1354,INTERCONTINE
1355,LIBERTY GLOB
1356,SPOTIFY TECH
1357,MOLSON COORS
1358,NOBLE ENERGY
1359,NETAPP INC
1360,CENTURYLINK
1361,CITRIX SYSTE
1362,EXELON CORP
1363,IPG PHOTONIC
1364,MGM RESORTS
1365,MOURA DUBEUX
1366,PRUDENTIAL F
1367,TRIPADVISOR
1368,ALBEMARLE CO
1369,PRINER
1370,ABIOMED INC
1371,ANALOG DEVIC
1372,ANTHEM INC
1373,AIR PRODUCTS
1374,AUTODESK INC
1375,BBT CORP
1376,EOG RESOURCE
1377,FLOWSERVE CO
1378,HCA HEALTHCA
1379,KLA CORP
1380,LINCOLN NATI
1381,PHILLIPS 66
1382,SYSCO CORP
1383,CONCHO RESOU
1384,EXTRA SPACE
1385,DIAMONDBACK
1386,GARMIN LTD
1387,ALLEGION PLC
1388,BECTON DICKI
1389,CBS CORP
1390,COPART INC
1391,FLAVOR FLAGR
1392,CENTENE CORP
1393,CABOT OIL
1394,INTUITIVE SU
1395,LKQ CORP
1396,MARSH E MCLE
1397,MOTOROLA SOL
1398,NEWMONT GOLD
1399,THE PROGRESS
1400,SBA COMMUNIC
1401,STRYKER CORP
1402,TELEFLEX INC
1403,ZOETIS INC
1404,AFLAC INC
1405,ALLIANCE DAT
1406,AO SMITH COR
1407,MARATHON PET
1410,CHIPOTLE MEX
1411,DEVON ENERGY
1412,EDISON INTER
1413,EATON CORP P
1414,FLIR SYSTEMS
1415,HANESBRANDS
1416,HILTON WORLD
1417,NORDSTROM IN
1418,MARRIOTT INT
1419,NORWEGIAN CR
1420,NRG ENERGY I
1421,PERRIGO CO P
1422,QUANTA SERVI
1423,ROYAL CARIBB
1424,SOUTHWEST AI
1425,STATE STREET
1426,AES CORP
1427,BAKER HUGHES
1428,CROWN CASTLE
1429,CITIZENS FIN
1430,CF INDUSTRIE
1431,DELL TECHNOL
1432,DISCOVER FIN
1433,DR HORTON IN
1434,DISH NETWORK
1435,DXC TECHNOLO
1436,EASTMAN CHEM
1437,EQUITY RESID
1438,FRANKLIN RES
1439,CORNING INC
1440,GENERAL MILL
1441,HUNTINGTON B
1442,HESS CORP
1443,HOLLYFRONTIE
1444,HOLOGIC INC
1445,HEWLETT PACK
1446,HOST HOTELS
1447,KEYCORP
1448,MONSTER BEVE
1449,NISOURCE INC
1450,NIELSEN HOLD
1451,NEWELL BRAND
1452,NEWS CORP
1453,HEALTHPEAK P
1454,REGIONS FINA
1455,RALPH LAUREN
1456,AMERICAN TOW
1457,UNUM GROUP
1458,WORKDAY INC
1459,WILLIAMS COS
1460,WESTROCK CO
1461,WEYERHAEUSER
1462,WYNN RESORTS
1463,ZIONSBANCORP
1464,CONAGRA BRAN
1465,CARDINAL HEA
1466,HORMEL FOODS
1467,INTERNATIONA
1468,KROGER CO
1469,LENNAR CORP
1470,MASCO CORP
1471,MICROCHIP TE
1472,NASDAQ INC
1473,PULTEGROUP I
1474,PPL CORP
1475,NORTONLIFE
1476,ULTA BEAUTY
1477,XILINX INC
1478,ALLIANT ENER
1479,AGILENT TECH
1480,ALASKA AIR G
1481,AMERIPRISE F
1482,AMPHENOL COR
1483,ASSURANT INC
1484,ALLSTATE COR
1485,AVERY DENNIS
1486,BORGWARNER I
1487,COMERICA INC
1488,DIGITAL REAL
1489,E TRADE FINA
1490,FORTUNE BRAN
1491,HARTFORD FIN
1492,IRON MOUNTAI
1493,ILLINOIS TOO
1494,KIMCO REALTY
1495,KEYSIGHT TEC
1496,MSCI INC
1497,MT BANK COR
1498,NORFOLK SOUT
1499,NORTHERN TRU
1500,NUCOR CORP
1501,PACCAR INC
1502,PEOPLES UNIT
1503,PUBLIC SERVI
1504,PRINCIPAL FI
1505,PARKER-HANNI
1506,REGENCY CENT
1507,RAYMOND JAME
1509,SVB FINANCIA
1510,SYNOPSYS INC
1511,SKYWORKS SOL
1512,STANLEY BLAC
1513,T ROWE PRICE
1514,TEXTRON INC
1515,UNDER ARMOUR
1516,VORNADO REAL
1517,WELLTOWER IN
1518,WHIRLPOOL CO
1519,ANSYS INC
1520,EDWARDS LIFE
1521,IDEXX LABORA
1522,BALL CORP
1523,VERISK ANALY
1524,INGERSOLL RA
1525,ONEOK INC
1526,GLOBAL PAYME
1527,ALIGN TECHNO
1528,BROWN FORMAN
1529,CAMPBELL SOU
1530,JEFFERIES FI
1531,JUNIPER NETW
1532,CARMAX INC
1533,THE SHERWIN
1534,SL GREEN REA
1535,TRANSDIGM GR
1536,ZIMMER BIOME
1537,FMC CORP
1538,HER BLOCK IN
1540,LAMB WESTON
1541,UNITED RENTA
1542,DOVER CORP
1543,DARDEN RESTA
1544,GARTNER INC
1545,GENUINE PART
1546,HASBRO INC
1547,ILLUMINA INC
1548,LULULEMON AT
1549,MOHAWK INDUS
1550,NVR INC
1551,PACKAGING CO
1552,PINNACLE WES
1553,PVH CORP
1554,ROCKWELL AUT
1555,SEALED AIR C
1556,VULCAN MATER
1557,VENTAS INC
1558,WABTEC CORP
1559,APARTMENT IN
1560,ARTHUR J GAL
1561,CBRE GROUP I
1562,EQUIFAX INC
1563,EMERSON ELEC
1564,ENTERGY CORP
1565,EVEREST RE G
1566,FIRST REPUBL
1567,FEDERAL REAL
1568,HENRY SCHEIN
1569,HUMANA INC
1570,INTERPUBLIC
1571,KANSAS CITY
1572,LEGGETT PL
1573,MCKESSON COR
1574,OMNICOM GROU
1575,REALTY INCOM
1576,ROPER TECHNO
1577,THE JM SMUCK
1578,UDR INC
1579,UNIVERSAL HE
1580,WEC ENERGY G
1581,XYLEM INC
1582,AVALONBAY CO
1583,DUKE REALTY
1584,AMEREN CORP
1585,AMERICAN WAT
1586,CMS ENERGY C
1587,CINTAS CORP
1588,FORTINET INC
1589,GLOBE LIFE I
1590,HARLEY-DAVID
1591,KELLOGG CO
1592,LOEWS CORP
1593,ROBERT HALF
1594,TE CONNECTIV
1595,MID-AMERICA
1596,RESMED INC
1597,CONSOLIDATED
1598,METTLER-TOLE
1599,AMERISOURCEB
1600,TAKE-TWO INT
1601,HUNTINGTON I
1602,LYONDELLBASE
1603,RAYTHEONTECH
1604,CHUBB LTD
1605,AON PLC
1606,ALEXANDRIA R
1607,WILLIS TOWER
1608,AMETEK INC
1609,QORVO INC
1610,ARISTA NETWO
1611,LABORATORY C
1612,ESTAPAR
1614,COOPER COMPA
1615,ESSEX PROPER
1616,L3HARRIS TEC
1617,SNAP-ON INC
1618,ATMOS ENERGY
1619,CADENCE DESI
1620,ROLLINS INC
1621,INCYTE CORP
1622,MAXIM INTEGR
1623,JACK HENRY
1624,F5 NETWORKS
1625,BROADRIDGE F
1626,AURA 360
1627,CELANESE COR
1628,AMBIPAR
1629,PADTEC
1630,CHECK POINT
1631,GRUPO SOMA
1632,PUBLIC STORA
1633,D1000VFARMA
1634,QUERO-QUERO
1635,PERKINELMER
1636,MARTIN MARIE
1637,LAVVI
1638,PAGUE MENOS
1639,PETZ
1640,PLANOEPLANO
1641,SIMPAR
1642,CURY S/A
1643,HIDROVIAS
1644,MELNICK
1645,LUMEN TECH
1646,BOA VISTA
1647,SEQUOIA LOG
1648,GRUPO MATEUS
1649,TIM
1650,ALNYLAM PHAR
1651,BROOKFIELD A
1652,CDW CORP
1653,HORIZON THER
1654,MARKETAXESS
1655,MODERNA INC
1656,NEUROCRINE B
1657,SEATTLE GENE
1658,SAREPTA THER
1659,STERIS PLC
1660,BIO-TECHNE C
1661,ZEBRA TECHNO
1662,ZOOM VIDEO
1663,FASTLY INC
1664,DEXCOM INC
1665,DOCUSIGN INC
1666,MONGODB INC
1667,ARGENX SE
1668,ASCENDIS PHA
1669,AUTOHOME INC
1670,ASTRAZENECA
1671,BARCLAYS PLC
1672,BEIGENE LTD
1673,BP PLC
1674,BANCO SANTAN
1675,BRITISH AMER
1676,CNOOC LTD
1677,CHINA PETROL
1678,CHINA MOBILE
1679,ECOPETROL SA
1680,NEW ORIENTAL
1681,GALAPAGOS NV
1682,GLAXOSMITHKL
1683,HDFC BANK LT
1684,HSBC HOLDING
1685,ICICI BANK L
1686,INFOSYS LTD
1687,ORIX CORP
1688,CHINA LIFE I
1689,LLOYDS BANKI
1690,MELCO RESORT
1691,NOVO NORDISK
1692,NOVARTIS AG
1693,NATWEST GROU
1694,PINDUODUO IN
1695,DR REDDYS LA
1696,SSC TECHNOL
1697,UNILEVER NV
1698,WEIBO CORP
1699,WPP PLC
1700,ZTO EXPRESS
1701,BAXTER INTER
1702,KB FINANCIAL
1703,PRUDENTIAL P
1704,SEMPRA ENERG
1705,VARIAN MEDIC
1706,VIPSHOP HOLD
1707,ABB LTD
1708,AMERICAMOVIL
1709,BHP GROUP PL
1710,BIONTECH SE
1711,CABLE ONE IN
1712,CREDIT SUISS
1713,CORTEVA INC
1714,DATADOG INC
1715,EQUINOR ASA
1716,KT CORP
1717,SK TELECOM C
1718,SUMITOMO MIT
1719,ATLASSIAN CO
1720,TEVA PHARMAC
1721,BILIBILI INC
1722,ENEL AMERICA
1723,NICE LTD
1724,POSCO
1725,ROKU INC
1727,SPLUNK INC
1728,TWILIO INC
1729,ALTERYX INC
1730,LEIDOS HOLDI
1731,MOBILE TELES
1732,SERVICENOW
1733,TRACK FIELD
1734,WARNER MUSIC
1735,AEGON NV
1736,COUPA SOFTWA
1737,ERICSSON LM
1738,GOLD FIELDS
1739,PENTAIR PLC
1740,VODAFONE GRO
1741,WR BERKLEY C
1742,CHUNGHWA TEL
1743,DOW INC
1744,HEICO CORP
1745,NATIONAL GRI
1746,PT TELEKOMUN
1747,WESTPAC BANK
1748,AMCOR PLC
1749,LAS VEGAS SA
1750,RYANAIR HOLD
1751,EXPEDITORS I
1752,PAYCOM SOFTW
1753,MELIUZ
1754,IAC INTERACT
1755,TENARIS SA
1756,CARRIER GLOB
1757,WIX.COM LTD
1758,ENJOEI
1759,QUEST DIAGNO
1760,AERIS
1761,INT EXCHANGE
1762,3R PETROLEUM
1763,GDS HOLDINGS
1764,HUAZHU GROUP
1765,PPG INDUSTRI
1766,SMITH & NEPH
1767,TAL EDUCATIO
1768,OKTA INC
1769,COSTAR GROUP
1770,MATCH GROUP
1771,IQVIA HOLDIN
1772,WATSCO INC
1773,IDEX CORP
1774,OTIS WORLDWI
1775,MSCI ASIA JP
1776,MSCI ACWI
1777,US AEROSPACE
1778,MSCI CHINA
1779,SELECT DIVID
1780,MSCI EMGMARK
1781,MSCI EAFE
1782,MSCIHONGKONG
1783,MSCI JAPAN
1784,MSCI TAIWAN
1785,MSCI UK
1786,MSCISOUTHKOR
1787,MSCI BRAZIL
1788,GOLD TRUST
1789,NASDAQ BIOTC
1790,COREMSCI EUR
1791,GLOBAL INFRA
1792,RUSSELL 2000
1793,US FINANCIAL
1794,US TECHNOLOG
1795,MSCI INDIA
1796,SILVER TRUST
1797,INC ESG AWAR
1798,TRUSTMSCI US
1799,MSCI GERMANY
1800,MSCIEUROZONE
1801,COREMSCIEAFE
1802,COREMSCI EMK
1803,CORE MIDCAP
1804,CORESMALLCAP
1805,LATIN AMER40
1806,CORE SP TOTA
1807,CORE SP 500
1808,MSCI US MVOL
1809,MSCI SPAIN
1810,MSCI MEXICO
1811,TRTMSCI EAFE
1812,GLOBALHEALTH
1813,GLOBAL TECH
1814,RELX PLC
1815,OLD DOMINION
1816,REDE D OR
1817,ALPHAVILLE
1818,MITSUBISHI U
1819,NEOGRID
1820,ANGLOGOLD AS
1821,IQIYI INC
1822,SIBANYE STIL
