id_ticker,id_company,ticker,codisi
1,1,ACES3,BRACESACNOR5
2,1,ACES4,BRACESACNPR2
3,2,ALPA4,BRALPAACNPR7
4,3,ROSI4,BRROSIACNPR2
5,4,BASU4,BRBASUACNPR0
6,5,AQT 4,BRAQTCACNPR4
7,6,ARCZ6,BRARCZACNPB3
8,7,ATEL4,BRATELACNPR1
9,8,AVPL3,BRAVPLACNOR6
10,9,BBR 3,BRBBRAACNOR5
11,10,BAD 3,BRBADMACNOR2
12,11,BSEG4,BRBSEGACNPR1
13,12,BIVT4,BRBIVTACNPR9
14,13,BESP3,BRBESPACNOR5
15,13,BESP4,BRBESPACNPR2
16,14,BEPA4,BRBEPAACNPR0
17,15,BDLL4,BRBDLLACNPR8
18,16,BCNA4,BRBCNAACNPR9
19,17,BLP 4,BRBLPTACNPR5
20,18,BCAL6,BRBCALACNPB7
21,19,BBDC3,BRBBDCACNOR1
22,19,BBDC4,BRBBDCACNPR8
23,20,BRHA3,BRBRHAACNOR2
24,20,BRHA4,BRBRHAACNPR9
25,21,BBAS4,BRBBASACNPR0
26,22,BMTO3,BRBMTOACNOR9
27,22,BMTO4,BRBMTOACNPR6
28,23,CMET4,BRCMETACNPR5
29,24,CABR4,BRCABRACNPR0
30,25,CBVI4,BRCBVIACNPR5
31,26,CLSC6,BRCLSCACNPB7
32,27,CMIG4,BRCMIGACNPR3
33,28,CBEE3,BRCBEEACNOR3
34,29,CESP3,BRCESPACNOR3
35,29,CESP4,BRCESPACNPR0
36,30,CEVA4,BRCEVAACNPR6
37,31,CHAP4,BRCHAPACNPR1
38,32,HERI4,BRHERIACNPR6
39,33,CBN 4,BRCBNTACNPR9
40,34,ICPI4,BRICPIACNPR2
41,35,FAPC4,BRFAPCACNPR5
42,36,CLDX4,BRCLDXACNPR1
43,37,CPLE3,BRCPLEACNOR8
44,38,CPNE5,BRCPNEACNPA7
45,39,CPSL3,BRCPSLACNOR8
46,40,CBT 4,BRCBTAACNPR6
47,41,COGU4,BRCOGUACNPR4
48,42,CSIP3,BRCSIPACNOR4
49,42,CSIP6,BRCSIPACNPB5
50,43,DHBI4,BRDHBIACNPR2
51,44,DOCA4,BRDOCAACNPR3
52,45,DURA4,BRDURAACNPR8
53,46,EBER4,BREBERACNPR8
54,47,ELET3,BRELETACNOR6
55,47,ELET6,BRELETACNPB7
56,48,ELUM4,BRELUMACNPR4
57,49,ERIC4,BRERICACNPR7
58,50,ESTR4,BRESTRACNPR0
59,51,ETER3,BRETERACNOR3
60,52,FLCL5,BRFLCLACNPA7
61,53,FGUI4,BRFGUIACNPR9
62,54,FAT 4,BRFATOACNPR2
63,55,FBRA4,BRFBRAACNPR3
64,56,FTSU4,BRFTSUACNPR1
65,57,FBMC4,BRFBMCACNPR0
66,58,FJTA4,BRFJTAACNPR2
67,59,FFTL4,BRFFTLACNPR7
68,60,STE 5,BRSTEDACNPA6
69,61,FRI 4,BRFRIGACNPR5
70,62,GLA 4,BRGLASACNPR8
71,63,HBTS5,BRHBTSACNPA3
72,64,VRL 4,BRVRLMACNPR4
73,65,IMP 4,BRIMPEACNPR0
74,66,INEP4,BRINEPACNPR8
75,67,MYPK4,BRMYPKACNPR4
76,68,DPPI4,BRDPPIACNPR5
77,69,PTIP4,BRPTIPACNPR1
78,70,RIPI4,BRRIPIACNPR0
79,71,ITAU4,BRITAUACNPR3
80,72,ITSA4,BRITSAACNPR7
81,73,ITE 4,BRITECACNPR3
82,74,JBDU4,BRJBDUACNPR3
83,75,KEPL4,BRKEPLACNPR8
84,76,KLAB4,BRKLABACNPR6
85,77,LAEL4,BRLAELACNPR8
86,78,LIGH3,BRLIGHACNOR7
87,79,LAME4,BRLAMEACNPR6
88,80,MAD 4,BRMADEACNPR3
89,81,MAHS4,BRMAHSACNPR4
90,82,MNSA4,BRMNSAACNPR2
91,83,MGEL4,BRMGELACNPR3
92,84,MANM3,BRMANMACNOR8
93,85,MEND6,BRMENDACNPB0
94,86,GOAU4,BRGOAUACNPR8
95,87,LEVE4,BRLEVEACNPR9
96,88,MNPR4,BRMNPRACNPR2
97,89,BNA 3,BRBNACACNOR2
98,89,BNA 4,BRBNACACNPR9
99,90,OLM 4,BROLMAACNPR5
100,91,PNVL3,BRPNVLACNOR9
101,92,PSIM4,BRPSIMACNPR0
102,93,PRBN4,BRPRBNACNPR5
103,94,PMAM4,BRPMAMACNPR0
104,95,PALF3,BRPALFACNOR9
105,96,PDG 4,BRPDGOACNPR2
106,97,PETR3,BRPETRACNOR9
107,97,PETR4,BRPETRACNPR6
108,98,BRDT4,BRBRDTACNPR8
109,99,PTNT4,BRPTNTACNPR3
110,100,PIPN4,BRPIPNACNPR4
111,101,PLDN4,BRPLDNACNPR4
112,102,PMT 4,BRPMTLACNPR2
113,103,PNOR5,BRPNORACNPA4
114,103,PNOR6,BRPNORACNPB2
115,104,RAPT4,BRRAPTACNPR4
116,105,REAL3,BRREALACNOR8
117,105,REAL4,BRREALACNPR5
118,106,BRGE12,BRBRGEACNPF8
119,107,BRIV3,BRBRIVACNOR6
120,108,RPAD5,BRRPADACNPA4
121,109,REPA4,BRREPAACNPR6
122,110,RHER4,BRRHERACNPR7
123,111,REEM4,BRREEMACNPR5
124,112,RHDS3,BRRHDSACNOR0
125,113,RPSA4,BRRPSAACNPR6
126,114,SAD 4,BRSADEACNPR0
127,115,SCON3,BRSCONACNOR7
128,115,SCON4,BRSCONACNPR4
129,116,SAL 6,BRSALGACNPB2
130,117,SAMI3,BRSAMIACNOR5
131,117,SAMI4,BRSAMIACNPR2
132,118,SCLO4,BRSCLOACNPR8
133,119,SHAP4,BRSHAPACNPR7
134,120,SGU 4,BRSGUAACNPR9
135,121,CSNA3,BRCSNAACNOR6
136,122,RIO 4,BRRIOGACNPR7
137,123,CST 6,BRCSTBACNPB2
138,124,SOLO4,BRSOLOACNPR3
139,125,CRUZ3,BRCRUZACNOR0
140,126,SGAS4,BRSGASACNPR3
141,127,SUZA4,BRSUZAACNPR9
142,128,SJOS4,BRSJOSACNPR8
143,129,TEKA4,BRTEKAACNPR3
144,130,TBCP4,BRTBCPACNPR4
145,131,TELB3,BRTELBACNOR2
146,131,TELB4,BRTELBACNPR9
147,132,TEPR4,BRTEPRACNPR6
148,133,TERJ3,BRTERJACNOR2
149,133,TERJ4,BRTERJACNPR9
150,134,TLSP3,BRTLSPACNOR2
151,134,TLSP4,BRTLSPACNPR9
152,135,TUPY4,BRTUPYACNPR8
153,136,UNIP6,BRUNIPACNPB8
154,137,USIM4,BRUSIMACNPR0
155,138,VALE3,BRVALEACNOR0
156,138,VALE4,BRVALEACNPR7
157,139,VSMA3,BRVSMAACNOR8
158,140,VTE 3,BRVTECACNOR9
159,141,ELMJ4,BRELMJACNPR7
160,142,WHMT3,BRWHMTACNOR9
161,143,AVIL4,BRAVILACNPR8
162,144,ILMD4,BRILMDACNPR1
163,145,BAM 4,BRBAMGACNPR2
164,4,BAS 6,BRBASUA01PR1
165,146,IBPI5,BRIBPIACNPA0
166,147,PRO 4,BRPRODACNPR9
167,148,AZEV4,BRAZEVACNPR7
168,149,BBCM4,BRBBCMACNPR9
169,150,BTS 4,BRBTSPACNPR0
170,151,BELG3,BRBELGACNOR9
171,151,BELG4,BRBELGACNPR6
172,152,BIOB5,BRBIOBACNPA8
173,153,BUET4,BRBUETACNPR0
174,154,ELCA3,BRELCAACNOR0
175,155,CGOS6,BRCGOSACNPB2
176,27,CMIG3,BRCMIGACNOR6
177,156,CQUE5,BRCQUEACNPA0
178,157,CTLU4,BRCTLUACNPR3
179,37,CPL 4,BRCPLEACNPR5
180,158,CTNM3,BRCTNMACNOR9
181,159,DIX 4,BRDIXIACNPR4
182,46,EBER3,BREBERACNOR1
183,160,BCE 4,BRBCEEACNPR0
184,161,ELPL11,BRELPLA01PR7
185,162,EMBR4,BREMBRACNPR1
186,163,ENER3,BRENERACNOR6
187,164,FTZA4,BRFTZAACNPR8
188,165,GAZO4,BRGAZOACNPR7
189,166,CGRA4,BRCGRAACNPR9
190,167,GUR 4,BRGURGACNPR8
191,168,IGUA5,BRIGUAACNPA6
192,168,IGUA6,BRIGUAACNPB4
193,169,ROM 5,ROMIS1PN
194,170,ITPS4,BRITPSACNPR5
195,72,ITSA3,BRITSAACNOR0
196,171,LNM 4,BRLNMEACNPR9
197,172,LIMA4,BRLIMAACNPR7
198,173,LREN4,BRLRENACNPR8
199,174,MATC4,BRMATCACNPR3
200,175,BARB4,BRBARBACNPR2
201,176,MTSA4,BRMTSAACNPR9
202,177,LETO4,BRLETOACNPR2
203,178,MTPS4,BRMTPSACNPR7
204,179,MUL 4,BRMULLACNPR9
205,180,MTBR4,BRMTBRACNPR9
206,181,CARB5,BRCARBACNPA6
207,182,ORIO4,BRORIOACNPR1
208,183,OSAO4,BROSAOACNPR6
209,184,PDI 4,BRPDINACNPR0
210,185,PQUN4,BRPQUNACNPR7
211,186,CRIV4,BRCRIVACNPR1
212,106,BRGE11,BRBRGEACNPE1
213,123,CST 5,BRCSTBACNPA4
214,187,BFIT3,BRBFITACNOR5
215,187,BFIT4,BRBFITACNPR2
216,188,TOYB4,BRTOYBACNPR1
217,130,TBCP3,BRTBCPACNOR7
218,189,TMGR3,BRTMGRACNOR1
219,189,TMGR6,BRTMGRACNPB2
220,190,TIBR3,BRTIBRACNOR0
221,190,TIBR5,BRTIBRACNPA3
222,191,TRFO4,BRTRFOACNPR6
223,192,TRBR4,BRTRBRACNPR8
224,193,LUXM4,BRLUXMACNPR4
225,194,UBBR4,BRUBBRACNPR0
226,195,VAGV4,BRVAGVACNPR1
227,196,VGOR4,BRVGORACNPR0
228,140,VTE 4,BRVTECACNPR6
229,197,WMBY4,BRWMBYACNPR9
230,198,MWET4,BRMWETACNPR3
231,199,WISA4,BRWISAACNPR1
232,200,SAG 4,BRSAGRACNPR5
233,4,BASU3,BRBASUACNOR3
234,4,BAS 5,BASUS1ON
235,11,BSEG3,BRBSEGACNOR4
236,201,CBF 4,BRCBFIACNPR8
237,202,CBD 4,BRCBDPACNPR8
238,203,BRSR4,BRBRSRACNPR0
239,204,BEMG4,BRBEMGACNPR4
240,205,BOBR4,BRBOBRACNPR3
241,21,BBAS3,BRBBASACNOR3
242,206,CPCA4,BRCPCAACNPR2
243,207,CJS 4,BRCJSCACNPR7
244,41,COGU3,BRCOGUACNOR7
245,158,CTNM4,BRCTNMACNPR6
246,163,ENER6,BRENERACNPB7
247,208,FESA4,BRFESAACNPR5
248,209,IBR 4,BRIBRCACNPR3
249,210,IVIL4,BRIVILACNPR1
250,71,ITAU3,BRITAUACNOR6
251,211,JAR 3,JARIACON
252,211,JARI6,BRJARIACNPB4
253,212,SEBE4,BRSEBEACNPR6
254,213,LFFE4,BRLFFEACNPR9
255,214,MLPA4,BRMLPAACNPR2
256,215,DUQE4,BRDUQEACNPR2
257,216,NAFG4,BRNAFGACNPR1
258,217,BNBR4,BRBNBRACNPR5
259,218,BNET3,BRBNETACNOR8
260,218,BNET4,BRBNETACNPR5
261,219,OLVB4,BROLVBACNPR4
262,182,ORIO3,BRORIOACNOR4
263,91,PNVL4,BRPNVLACNPR6
264,220,PDA 4,BRPDALACNPR1
265,221,PLTO6,BRPLTOACNPB2
266,106,BRGE5,BRBRGEACNPA9
267,107,BRIV4,BRBRIVACNPR3
268,108,RPAD6,BRRPADACNPB2
269,109,REPA3,BRREPAACNOR9
270,222,SNSY5,BRSNSYACNPA5
271,223,SULT4,BRSULTACNPR9
272,224,VGAF4,BRVGAFACNPR4
273,225,BAZA3,BRBAZAACNOR0
274,226,ARTE4,BRARTEACNPR8
275,154,ELCA5,BRELCAACNPA3
276,227,COBE6B,BRCOBEACNPB3
277,228,CORR4,BRCORRACNPR7
278,229,CREM4,BRCREMACNPR9
279,162,EMBR3,BREMBRACNOR4
280,230,FCAP4,BRFCAPACNPR5
281,231,FGOS4,BRFGOSACNPR1
282,232,IGBR3,BRIGBRACNOR7
283,233,GRNL4,BRGRNLACNPR3
284,234,HETA4,BRHETAACNPR9
285,235,IAPS4,BRIAPSACNPR5
286,236,MESB4,BRMESBACNPR9
287,237,MSAN3,BRMSANACNOR5
288,238,ORN 4,BRORNXACNPR2
289,239,PEF 6,BRPEFXARNPB5
290,240,PTQS4,BRPTQSACNPR8
291,186,CRIV3,BRCRIVACNOR4
292,108,RPAD3,BRRPADACNOR1
293,241,RCSL4,BRRCSLACNPR1
294,242,SOES4,BRSOESACNPR9
295,243,SOND5,BRSONDACNPA8
296,243,SOND6,BRSONDACNPB6
297,244,SPG 4,BRSPGRACNPR3
298,245,UCA 3,BRUCARACNOR3
299,137,USIM3,BRUSIMACNOR3
300,246,ALBA3,BRALBAACNOR0
301,247,IBAN4,BRIBANACNPR6
302,248,ITLM5,BRITLMACNPA3
303,249,BAP 6,BRBAPCACNPB8
304,250,BSCT5,BRBSCTACNPA4
305,250,BSCT6,BRBSCTACNPB2
306,251,BPLA5,BRBPLAACNPA1
307,252,CIQU4,BRCIQUACNPR5
308,253,MAPT4,BRMAPTACNPR5
309,254,MEP 3,BRMEPAACNOR0
310,255,CALI4,BRCALIACNPR8
311,256,DOV 4,BRDOVAACNPR3
312,257,FTRX4,BRFTRXACNPR7
313,258,GUAR3,BRGUARACNOR4
314,259,LAC 4,BRLACTACNPR5
315,79,LAME3,BRLAMEACNOR9
316,260,MAGS3,BRMAGSACNOR9
317,261,POMO3,BRPOMOACNOR0
318,262,PTBL3,BRPTBLACNOR8
319,262,PTBL4,BRPTBLACNPR5
320,263,BPR 4,BRBPRGACNPR9
321,264,MFLU3,BRMFLUACNOR4
322,265,ANO 5,BRANORACNPA6
323,266,PAI 4,BRPAINACNPR6
324,267,TRMB4,BRTRMBACNPR9
325,268,ARLA4,BRARLAACNPR3
326,269,BEB 4,BRBEBAACNPR0
327,14,BEPA3,BRBEPAACNOR3
328,154,ELCA6,BRELCAACNPB1
329,30,CEVA3,BRCEVAACNOR9
330,160,BCE 3,BRBCEEACNOR3
331,270,IVCT4,BRIVCTACNPR7
332,271,LECO4,BRLECOACNPR8
333,84,MANM4,BRMANMACNPR5
334,175,BARB3,BRBARBACNOR5
335,272,PTPA4,BRPTPAACNPR8
336,119,SHAP3,BRSHAPACNOR0
337,273,TBRS4,BRTBRSACNPR6
338,132,TEPR3,BRTEPRACNOR9
339,194,UBBR3,BRUBBRACNOR3
340,201,CBF 3,BRCBFIACNOR1
341,274,BBV 4,BRBBVTACNPR4
342,275,CAMB4,BRCAMBACNPR1
343,276,CCTU4,BRCCTUACNPR2
344,253,MAPT3,BRMAPTACNOR8
345,277,CCHI4,BRCCHIACNPR2
346,278,ARA 3,BRARATACNOR9
347,278,ARA 7,BRARATACNPC8
348,52,FLCL3,BRFLCLACNOR4
349,279,BFB 3,BRBFBRACNOR4
350,280,LARK4,BRLARKACNPR2
351,81,MAHS3,BRMAHSACNOR7
352,261,POM 5,BRPOMOACNPB1
353,281,BMIN4,BRBMINACNPR1
354,282,SHU 5,SHULS1PN
355,283,VEMG4,BRVEMGACNPR2
356,284,PIRE3,BRPIREACNOR2
357,285,QGNE4,BRQGNEACNPR0
358,116,SAL 5,BRSALGACNPA4
359,286,SIFC4,BRSIFCACNPR2
360,287,TAMR4,BRTAMRACNPR1
361,288,TCHN4,BRTCHNACNPR6
362,190,TIBR6,BRTIBRACNPB1
363,289,ZIVI4,BRZIVIACNPR1
364,26,CLSC3,BRCLSCACNOR6
365,290,CZAR4,BRCZARACNPR9
366,291,ASSM3,BRASSMACNOR4
367,162,EMBR12,BREMBRA01OR5
368,292,HGNN6,BRHGNNACNPB4
369,293,LORZ4,BRLORZACNPR1
370,294,GALO4,BRGALOACNPR7
371,85,MEND5,BRMENDACNPA2
372,295,PVPR3,BRPVPRACNOR1
373,295,PVPR4,BRPVPRACNPR8
374,296,SGEN4,BRSGENACNPR6
375,297,TRU 4,BRTRUFACNPR3
376,298,VLJ 6,BRVLJKACNPB9
377,299,MDOU4,BRMDOUACNPR0
378,300,RANI4,BRRANIACNPR2
379,44,DOCA3,BRDOCAACNOR6
380,49,ERIC3,BRERICACNOR0
381,301,EUCA4,BREUCAACNPR8
382,258,GUAR4,BRGUARACNPR1
383,302,IVTE4,BRIVTEACNPR3
384,303,LDR 4,BRLDRIACNPR0
385,304,OXIT4,BROXITACNPR8
386,95,PALF4,BRPALFACNPR6
387,126,SGAS3,BRSGASACNOR6
388,248,ITL 3,BRITLMACNOR0
389,305,BSU 8,BSULB1PNA
390,306,CNFB4,BRCNFBACNPR8
391,307,DJON4,BRDJONACNPR1
392,308,CIIT4,BRCIITACNPR4
393,309,IVEN4,BRIVENACNPR6
394,310,LIXC4,BRLIXCACNPR0
395,311,BMCT4,BRBMCTACNPR1
396,312,ODBE3,BRODBEACNOR0
397,313,SPPE4,BRSPPEACNPR2
398,314,PVLT3,BRPVLTACNOR6
399,106,BRGE3,BRBRGEACNOR6
400,106,BRGE8,BRBRGEACNPD3
401,265,ANO 3,BRANORACNOR3
402,315,ZAN 3,BRZANIACNOR8
403,229,CREM3,BRCREMACNOR2
404,316,MRSL4,BRMRSLACNPR0
405,317,NAKT4,BRNAKTACNPR4
406,100,PIPN3,BRPIPNACNOR7
407,200,SAG 3,BRSAGRACNOR8
408,16,BCNA3,BRBCNAACNOR2
409,204,BEMG3,BRBEMGACNOR7
410,300,RANI3,BRRANIACNOR5
411,156,CQUE8,BRCQUEACNPD4
412,56,FTSU3,BRFTSUACNOR4
413,318,BMEB4,BRBMEBACNPR5
414,237,MSAN4,BRMSANACNPR2
415,217,BNBR3,BRBNBRACNOR8
416,239,PEFX3,BRPEFXACNOR6
417,239,PEFX5,BRPEFXACNPA9
418,241,RCSL3,BRRCSLACNOR4
419,319,TRIC4,BRTRICACNPR5
420,231,FGOS3,BRFGOSACNOR4
421,169,ROMI4,BRROMIACNPR5
422,320,JFEN3,BRJFENACNOR0
423,311,BMCT3,BRBMCTACNOR4
424,304,OXIT3,BROXITACNOR1
425,222,SNSY3,BRSNSYACNOR2
426,124,SOLO3,BRSOLOACNOR6
427,189,TMGR8,BRTMGRACNPD8
428,321,WET 4,BRWETXACNPR0
429,268,ARLA3,BRARLAACNOR6
430,322,ELBR4,BRELBRACNPR3
431,323,LCSA4,BRLCSAACNPR7
432,106,BRGE6,BRBRGEACNPB7
433,2,ALPA3,BRALPAACNOR0
434,324,BTA 7,BRBTASACNPC4
435,301,EUC 5,EUCAS1PN
436,326,ANPB5,BRANPBACNPA7
437,327,BAN 4,BRBANGACNPR0
438,235,IAP 3,BRIAPSACNOR8
439,328,SHP 4,BRSHPAACNPR7
440,315,ZAN 5,BRZANIACNPA1
441,329,BAQU3,BRBAQUACNOR7
442,329,BAQU4,BRBAQUACNPR4
443,269,BEB 8,BRBEBAACNV10
444,327,BAN 3,BRBANGACNOR3
445,68,DPPI3,BRDPPIACNOR8
446,69,PTIP3,BRPTIPACNOR4
447,330,LSEH4,BRLSEHACNPR8
448,88,MNP 6,MNPRS1PN
449,331,NOVA3B,BRNOVAACNOR5
450,332,TRP 4,BRTRPAACNPR4
451,141,ELMJ3,BRELMJACNOR0
452,305,BSUL5,BRBSULACNPA3
453,333,FLBR4,BRFLBRACNPR0
454,232,IGBR5,BRIGBRACNPA0
455,104,RAPT3,BRRAPTACNOR7
456,334,RSUL4,BRRSULACNPR3
457,335,TCNO3,BRTCNOACNOR5
458,226,ARTE3,BRARTEACNOR1
459,288,TCHN3,BRTCHNACNOR9
460,156,CQUE6,BRCQUEACNPB8
461,336,CTKA4,BRCTKAACNPR7
462,337,POPR4,BRPOPRACNPR3
463,338,CSAB4,BRCSABACNPR8
464,123,CSTB3,BRCSTBACNOR1
465,286,SIF 6,SIFCB1PN
466,339,SLAL4,BRSLALACNPR8
467,340,ANTA3,BRANTAACNOR8
468,305,BSU 7,BRBSULA04PA8
469,152,BIOB3,BRBIOBACNOR5
470,341,ELK 4,ELKEACPN
471,342,TBAS4,BRTBASACNPR2
472,343,TENE5,BRTENEACNPA5
473,149,BBCM3,BRBBCMACNOR2
474,34,ICPI3,BRICPIACNOR5
475,344,CBMA4,BRCBMAACNPR1
476,260,MAGS5,BRMAGSACNPA2
477,284,PIRE4,BRPIREACNPR9
478,345,EBCO3,BREBCOACNOR2
479,346,EMR 3,BREMRCACNOR2
480,347,GIAN4,BRGIANACNPR5
481,348,HOOT4,BRHOOTACNPR9
482,324,BTAS5,BRBTASACNPA8
483,274,BBVT3,BRBBVTACNOR7
484,349,NORD3,BRNORDACNOR7
485,136,UNIP3,BRUNIPACNOR7
486,147,PRO 3,BRPRODACNOR2
487,350,CFT 4,BRCFTPACNPR5
488,351,BNN 3,BRBNNEACNOR1
489,352,ARPS4,BRARPSACNPR6
490,353,EMXS4,BREMXSACNPR3
491,354,ILLS4,BRILLSACNPR1
492,355,MAFE3,BRMAFEACNOR1
493,254,MEP 5,BRMEPAACNPB1
494,356,MERC4,BRMERCACNPR9
495,357,BEG 4,BRBEGBACNPR7
496,358,BFC 4,BRBFCVACNPR1
497,143,AVIL3,BRAVILACNOR1
498,359,BAUH4,BRBAUHACNPR3
499,360,DFVA3,BRDFVAACNOR4
500,345,EBCO4,BREBCOACNPR9
501,210,IVIL3,BRIVILACNOR4
502,361,MTCS4,BRMTCSACNPR5
503,362,TKNO4,BRTKNOACNPR5
504,363,AGRA4,BRAGRAACNPR3
505,364,ASTA4,BRASTAACNPR4
506,365,IMBI4,BRIMBIACNPR1
507,366,CBAG3,BRCBAGACNOR6
508,367,LITS3,BRLITSACNOR7
509,156,CQUE7,BRCQUEACNPC6
510,368,COES4,BRCOESACNPR3
511,293,LOR 8,LORZB1PN
512,236,MESB3,BRMESBACNOR2
513,369,MUN 4,BRMUNDACNPR2
514,370,CTSA4,BRCTSAACNPR0
515,195,VAGV3,BRVAGVACNOR4
516,289,ZIVI3,BRZIVIACNOR4
517,371,BRU 4,BRBRUMACNPR7
518,261,POMO4,BRPOMOACNPR7
519,372,MOAR3,BRMOARACNOR5
520,180,MTBR3,BRMTBRACNOR2
521,339,SLAL3,BRSLALACNOR1
522,38,CPNE6,BRCPNEACNPB5
523,373,CPEE4,BRCPEEACNPR0
524,70,RIPI3,BRRIPIACNOR3
525,374,MDD 4,BRMDDTACNPR5
526,375,MIM 4,BRMIMOACNPR6
527,259,LAC 3,BRLACTACNOR8
528,283,VEM 3,BRVEMGACNOR5
529,312,ODBE4,BRODBEACNPR7
530,376,VAC 4,BRVACHACNPR9
531,197,WMB 5,WMBYS1PN
532,377,AMSL3,BRAMSLACNOR9
533,378,ANR 6,BRANRNACNPB6
534,379,CNP 4,BRCNPTACNPR9
535,168,IGUA3,BRIGUAACNOR3
536,263,BPR 3,BRBPRGACNOR2
537,189,TMGR5,BRTMGRACNPA4
538,340,ANTA4,BRANTAACNPR5
539,380,ARN 3,BRARNOACNOR3
540,66,INE 6,BRINEPA01PR9
541,183,OSA 3,OSAOACON
542,339,SLA 5,SLALS1ON
543,381,TXRX4,BRTXRXACNPR0
544,382,MLFT4,BRMLFTACNPR3
545,377,AMSL4,BRAMSLACNPR6
546,357,BEG 3,BRBEGBACNOR0
547,383,BERG3,BRBERGACNOR6
548,384,STC 4,BRSTCTACNPR0
549,146,IBP 3,BRIBPIACNOR7
550,385,HGTX4,BRHGTXACNPR6
551,375,MIM 3,BRMIMOACNOR9
552,386,BDEP3,BRBDEPACNOR7
553,386,BDEP4,BRBDEPACNPR4
554,52,FLCL6,BRFLCLACNPB5
555,387,MSTR5,BRMSTRACNPA9
556,227,COBE3B,BRCOBEACNOR2
557,38,CPNE3,BRCPNEACNOR4
558,388,BAHI4,BRBAHIACNPR8
559,389,BGIP4,BRBGIPACNPR8
560,94,PMAM3,BRPMAMACNOR3
561,110,RHER3,BRRHERACNOR0
562,135,TUPY3,BRTUPYACNOR1
563,390,UCOP4,BRUCOPACNPR5
564,247,IBAN3,BRIBANACNOR9
565,155,CGOS3,BRCGOSACNOR1
566,212,SEB 3,BRSEBEACNOR9
567,344,CBMA3,BRCBMAACNOR4
568,136,UNIP5,BRUNIPACNPA0
569,391,ECL 4,BRECLPACNPR5
570,292,HGN 3,BRHGNNACNOR3
571,392,FNBS5,BRFNBSACNPA0
572,346,EMR 5,BREMRCACNPA5
573,392,FNB 9,BRFNBSACNPB8
574,59,FFTL3,BRFFTLACNOR0
575,324,BTA 6,BRBTASACNPB6
576,360,DFVA4,BRDFVAACNPR1
577,173,LREN3,BRLRENACNOR1
578,343,TENE7,BRTENEACNPC1
579,353,EMX 3,EMXSACON
580,203,BRSR3,BRBRSRACNOR3
581,393,COP 4,BRCOPAACNPR7
582,394,ABC 5,BRABCXACNPA4
583,395,BSGR3,BRBSGRACNOR6
584,163,ENE 8,BRENERA02PB6
585,373,CPEE3,BRCPEEACNOR3
586,99,PTNT3,BRPTNTACNOR6
587,396,CEDO3,BRCEDOACNOR8
588,118,SCLO3,BRSCLOACNOR1
589,397,VEP 3,BRVEPLACNOR8
590,397,VEP 4,BRVEPLACNPR5
591,301,EUCA3,BREUCAACNOR1
592,318,BMEB3,BRBMEBACNOR8
593,398,BMKS3,BRBMKSACNOR9
594,88,MNPR3,BRMNPRACNOR5
595,191,TRFO3,BRTRFOACNOR9
596,399,ELND5,BRELNDACNPA4
597,400,POLA3,BRPOLAACNOR1
598,112,RHDS4,BRRHDSACNPR7
599,287,TAMR3,BRTAMRACNOR4
600,342,TBA 3,BRTBASACNOR5
601,396,CEDO5,BRCEDOACNPA1
602,401,DOHL4,BRDOHLACNPR9
603,61,FRI 3,BRFRIGACNOR8
604,6,ARCZ5,BRARCZACNPA5
605,402,BZNX4,BRBZNXACNPR2
606,169,ROMI3,BRROMIACNOR8
607,189,TMGR11,BRTMGRACNPE6
608,24,CABR3,BRCABRACNOR3
609,403,SANO4,BRSANOACNPR8
610,396,CEDO6,BRCEDOACNPB9
611,404,MTIG3,BRMTIGACNOR0
612,404,MTIG4,BRMTIGACNPR7
613,405,TEBA3,BRTEBAACNOR5
614,146,IBPI6,BRIBPIACNPB8
615,406,CMMA4,BRCMMAACNPR8
616,174,MATC3,BRMATCACNOR6
617,192,TRBR3,BRTRBRACNOR1
618,378,ANR 3,BRANRNACNOR5
619,163,ENER5,BRENERACNPA9
620,230,FCAP3,BRFCAPACNOR8
621,87,LEVE3,BRLEVEACNOR2
622,6,ARCZ3,BRARCZACNOR2
623,252,CIQU3,BRCIQUACNOR8
624,374,MDD 3,BRMDDTACNOR8
625,407,RPMG4,BRRPMGACNPR6
626,32,HERI3,BRHERIACNOR9
627,255,CALI3,BRCALIACNOR1
628,47,ELET5,BRELETACNPA9
629,272,PTPA3,BRPTPAACNOR1
630,122,RIO 3,BRRIOGACNOR0
631,286,SIFC3,BRSIFCACNOR5
632,408,SPR 4,BRSPRIACNPR9
633,325,PSI 8,BRPSIMA01PR1
634,409,FCH 3,BRFCHTACNOR5
635,282,SHUL4,BRSHULACNPR4
636,313,SPPE3,BRSPPEACNOR5
637,12,BIVT3,BRBIVTACNOR2
638,324,BTA 8,BRBTASACNPD2
639,388,BAHI3,BRBAHIACNOR1
640,336,CTKA3,BRCTKAACNOR0
641,197,WMBY3,BRWMBYACNOR2
642,410,AUTO4,BRAUTOACNPR1
643,281,BMIN3,BRBMINACNOR4
644,82,MNSA3,BRMNSAACNOR5
645,60,STED3,BRSTEDACNOR3
646,76,KLAB3,BRKLABACNOR9
647,293,LOR 3,BRLORZACNOR4
648,400,POLA4,BRPOLAACNPR8
649,50,ESTR3,BRESTRACNOR3
650,335,TCNO4,BRTCNOACNPR2
651,251,BPLA3,BRBPLAACNOR8
652,74,JBDU3,BRJBDUACNOR6
653,333,FLBR3,BRFLBRACNOR3
654,411,CEEB3,BRCEEBACNOR3
655,412,EDNE5,BREDNEACNPA9
656,413,BPAR3,BRBPARACNOR5
657,414,DISA4,BRDISAACNPR1
658,415,LOB 3,BRLOBRACNOR5
659,411,CEEB4,BRCEEBACNPR0
660,308,CII 3,BRCIITACNOR7
661,338,CSAB3,BRCSABACNOR1
662,57,FBMC3,BRFBMCACNOR3
663,416,MAKR3,BRMAKRACNOR3
664,294,GAL 3,BRGALOACNOR0
665,3,ROSI3,BRROSIACNOR5
666,417,BALM4,BRBALMACNPR2
667,418,EPED4,BREPEDACNPR8
668,419,IDR 4,BRIDRLACNPR0
669,420,AHEB5,BRAHEBACNPA3
670,48,ELUM3,BRELUMACNOR7
671,421,GAFP3,BRGAFPACNOR9
672,420,AHEB6,BRAHEBACNPB1
673,64,VRL 3,BRVRLMACNOR7
674,265,ANO 6,BRANORACNPB4
675,422,CCCC4,BRCCCCACNPR6
676,86,GOAU3,BRGOAUACNOR1
677,96,PDG 3,BRPDGOACNOR5
678,423,CSPP3,BRCSPPACNOR9
679,420,AHEB3,BRAHEBACNOR0
680,424,DRO 5,BRDROGACNPA4
681,399,ELND6,BRELNDACNPB2
682,425,JOIN4,BRJOINACNPR0
683,298,VLJ 3,BRVLJKACNOR8
684,426,CTPC4,BRCTPCACNPR2
685,233,GRNL3,BRGRNLACNOR6
686,427,ICF 4,BRICFBACNPR8
687,380,ARNO4,BRARNOACNPR0
688,234,HETA3,BRHETAACNOR2
689,162,EMBR5,BREMBRACNPA7
690,185,PQUN3,BRPQUNACNOR0
691,428,DXTG4,BRDXTGACNPR5
692,256,DOV 3,BRDOVAACNOR6
693,248,ITL 6,BRITLMACNPB1
694,181,CARB6,BRCARBACNPB4
695,407,RPMG3,BRRPMGACNOR9
696,405,TEBA5,BRTEBAACNPA8
697,58,FJTA3,BRFJTAACNOR5
698,429,CMGR4,BRCMGRACNPR4
699,278,ARA 6,BRARATACNPB0
700,430,BGOS4,BRBGOSACNPR0
701,431,SLED4,BRSLEDACNPR7
702,432,APTI4,BRAPTIACNPR3
703,393,COP 3,BRCOPAACNOR0
704,362,TKNO3,BRTKNOACNOR8
705,389,BGIP3,BRBGIPACNOR1
706,278,ARA 5,BRARATACNPA2
707,240,PTQS3,BRPTQSACNOR1
708,433,BEES3,BRBEESACNOR9
709,152,BIOB6,BRBIOBACNPB6
710,434,UTF 3,BRUTFTACNOR2
711,274,BBVT5,BRBBVTACNPA0
712,215,DUQE3,BRDUQEACNOR5
713,435,PATI4,BRPATIACNPR3
714,1,ACE 5,BRACESA02PR1
715,436,TNG 4,BRTNGLACNPR9
716,96,PDG 7,BRPDGOA01OR6
717,20,BRH 8,BRBRHAA01PR0
718,356,MERC3,BRMERCACNOR2
719,45,DURA3,BRDURAACNOR1
720,437,CELM3,BRCELMACNOR5
721,129,TEKA3,BRTEKAACNOR6
722,438,VULC4,BRVULCACNPR9
723,429,CMGR3,BRCMGRACNOR7
724,106,BRGE7,BRBRGEACNPC5
725,323,LCSA3,BRLCSAACNOR0
726,53,FGUI3,BRFGUIACNOR2
727,26,CLSC5,BRCLSCACNPA9
728,20,BRH 7,BRBRHAA01OR3
729,439,MEC 3,BRMECPACNOR6
730,440,ECIS4,BRECISACNPR5
731,220,PDA 3,BRPDALACNOR4
732,441,CEBR3,BRCEBRACNOR5
733,442,TRAS4,BRTRASACNPR8
734,443,JHS 4,BRJHSSACNPR2
735,381,TXRX3,BRTXRXACNOR3
736,444,BLME4,BRBLMEACNPR4
737,405,TEBA6,BRTEBAACNPB6
738,67,MYP 5,BRMYPKA01PR5
739,365,IMBI3,BRIMBIACNOR4
740,445,BAAM3,BRBAAMACNOR8
741,445,BAAM4,BRBAAMACNPR5
742,153,BUET3,BRBUETACNOR3
743,40,CBT 3,BRCBTAACNOR9
744,438,VULC3,BRVULCACNOR2
745,415,LOB 4,BRLOBRACNPR2
746,273,TBRS3,BRTBRSACNOR9
747,154,ELC 9,BRELCAA01PB2
748,15,BDLL3,BRBDLLACNOR1
749,162,EMB 7,BREMBRARNPB3
750,96,PDG 10,BRPDGOA01PR3
751,96,PDG 8,BRPDGOA02PR1
752,427,ICF 3,BRICFBACNOR1
753,370,CTSA3,BRCTSAACNOR3
754,446,PCAR4,BRPCARACNPR0
755,361,MTC 3,BRMTCSACNOR8
756,77,LAEL3,BRLAELACNOR1
757,447,LOAR4,BRLOARACNPR4
758,448,TEQ 4,BRTEQUACNPR8
759,449,MSPA4,BRMSPAACNPR7
760,450,TESE3,BRTESEACNOR1
761,451,COCE5,BRCOCEACNPA3
762,257,FTRX3,BRFTRXACNOR0
763,452,MCRT4,BRMCRTACNPR7
764,144,ILMD3,BRILMDACNOR4
765,439,MEC 4,BRMECPACNPR3
766,363,AGRA3,BRAGRAACNOR6
767,290,CZA 3,BRCZARACNOR2
768,453,BDB 4,BRBDBAACNPR2
769,93,PRBN3,BRPRBNACNOR8
770,285,QGN 3,BRQGNEACNOR3
771,378,ANRN5,BRANRNACNPA8
772,454,LPC 3,BRLPCAACNOR6
773,455,SML 3,BRSMLHACNOR4
774,67,MYPK3,BRMYPKACNOR7
775,163,ENE 5,BRENERA02OR5
776,154,ELC 7,BRELCAA01OR1
777,457,GRPA11,BRGRPAARNPA5
778,382,MLFT3,BRMLFTACNOR6
779,449,MSPA3,BRMSPAACNOR0
780,458,CTAN3,BRCTANACNOR4
781,128,SJOS3,BRSJOSACNOR1
782,154,ELC 8,BRELCAA01PA4
783,460,CRF 4,BRCRFIACNPR4
784,14,BEP 6,BRBEPAA01PR1
785,461,BGFF3,BRBGFFACNOR8
786,451,COCE3,BRCOCEACNOR0
787,54,FAT 3,BRFATOACNOR5
788,462,SASG3,BRSASGACNOR6
789,167,GUR 3,BRGURGACNOR1
790,463,SURS4,BRSURSACNPR8
791,315,ZAN 6,BRZANIACNPB9
792,319,TRI 5,BRTRICA01OR9
793,243,SOND3,BRSONDACNOR5
794,464,CRBM7,BRCRBMACNPC7
795,197,WMB 7,BRWMBYA01PR0
796,1,ACE 6,BRACESA01OR6
797,1,ACE 7,BRACESA01PR3
798,228,CORR3,BRCORRACNOR0
799,455,SML 4,BRSMLHACNPR1
800,79,LAM 8,BRLAMEA02PR5
801,119,SHA 5,BRSHAPA01PR8
802,321,WET 6,BRWETXA01PR1
803,152,BIOB7,BRBIOBACNPC4
804,401,DOHL3,BRDOHLACNOR2
805,277,CCHI3,BRCCHIACNOR5
806,451,COCE6,BRCOCEACNPB1
807,176,MTSA3,BRMTSAACNOR2
808,466,BCM 4,BRBCMGACNPR8
809,73,ITEC5,BRITECACNPA9
810,73,ITEC3,BRITECACNOR6
811,227,COBE5B,BRCOBEACNPA5
812,98,BRDT3,BRBRDTACNOR1
813,467,SIBR7,BRSIBRACNPC1
814,440,ECIS3,BRECISACNOR8
815,424,DROG3,BRDROGACNOR1
816,424,DRO 8,BRDROGACNPD8
817,446,PCAR3,BRPCARACNOR3
818,431,SLED3,BRSLEDACNOR0
819,424,DRO 10,BRDROGACNPF3
820,37,CPLE5,BRCPLEACNPA1
821,469,ESCE3,BRESCEACNOR7
822,470,GLOB4,BRGLOBACNPR5
823,326,ANP 6,BRANPBACNPB5
824,310,LIXC3,BRLIXCACNOR3
825,177,LETO3,BRLETOACNOR5
826,441,CEBR4,BRCEBRACNPR2
827,367,LITS4,BRLITSACNPR4
828,414,DIS 3,BRDISAACNOR4
829,31,CHAP3,BRCHAPACNOR4
830,471,CETE3,BRCETEACNOR5
831,472,UBHD3,BRUBHDACNOR0
832,166,CGRA3,BRCGRAACNOR2
833,470,GLOB3,BRGLOBACNOR8
834,474,IDC 3,BRIDCOACNOR9
835,474,IDC 4,BRIDCOACNPR6
836,331,NOVA4B,BRNOVAACNPR2
837,35,FAPC3,BRFAPCACNOR8
838,475,ENLT3,BRENLTACNOR7
839,244,SPGR3,BRSPGRACNOR6
840,476,IRID3,BRIRIDACNOR9
841,477,MDE 5,BRMDEFACNPA8
842,296,SGEN3,BRSGENACNOR9
843,478,LIBP3,BRLIBPACNOR1
844,316,MRSL3,BRMRSLACNOR3
845,408,SPRI5,BRSPRIACNPA5
846,207,CJS 3,BRCJSCACNOR0
847,480,ELAT3,BRELATACNOR4
848,481,NOG 5,BRNOGAACNPB7
849,83,MGEL3,BRMGELACNOR6
850,483,LIPR3,BRLIPRACNOR7
851,222,SNS 5,BRSNSYACNPB3
852,352,ARPS3,BRARPSACNOR9
853,485,CAFE4,BRCAFEACNPR9
854,485,CAFE3,BRCAFEACNOR2
855,486,PLIM4,BRPLIMACNPR5
856,487,BPCO4,BRBPCOACNPR5
857,475,ENL 6,BRENLTA02OR6
858,488,SEMP3,BRSEMPACNOR2
859,471,CETE4,BRCETEACNPR2
860,216,NAFG3,BRNAFGACNOR4
861,491,CYRE4,BRCYREACNPR4
862,447,LOA 3,BRLOARACNOR7
863,242,SOES3,BRSOESACNOR2
864,492,BEXC3,BRBEXCACNOR3
865,492,BEXC4,BRBEXCACNPR0
866,453,BDB 3,BRBDBAACNOR5
867,66,INEP3,BRINEPACNOR1
868,37,CPLE6,BRCPLEACNPB9
869,475,ENL 5,BRENLTA03OR4
870,43,DHBI3,BRDHBIACNOR5
871,495,SDOK3,BRSDOKACNOR1
872,155,CGO 5,BRCGOSACNPA4
873,325,PSI 6,BRPSIMA02PR9
874,411,CEE 6,BRCEEBA01OR4
875,496,PORP4,BRPORPACNPR3
876,193,LUXM3,BRLUXMACNOR7
877,385,HGTX3,BRHGTXACNOR9
878,408,SPRI6,BRSPRIACNPB3
879,497,VSP 4,BRVSPTACNPR8
880,498,NEMO4,BRNEMOACNPR3
881,309,IVEN3,BRIVENACNOR9
882,500,GTDP3B,BRGTDPACNOR4
883,500,GTDP4B,BRGTDPACNPR1
884,411,CEE 5,BRCEEBA01PR1
885,501,GFTT4,BRGFTTACNPR8
886,25,CBVI3,BRCBVIACNOR8
887,408,SPR 8,BRSPRIA01PB4
888,502,SPCI3,BRSPCIACNOR4
889,502,SPCI4,BRSPCIACNPR1
890,28,CBE 5,BRCBEEA01OR4
891,503,LATS3,BRLATSACNOR4
892,504,SBSP3,BRSBSPACNOR5
893,306,CNFB3,BRCNFBACNOR1
894,260,MAGS7,BRMAGSACNPC8
895,402,BZN 3,BRBZNXACNOR5
896,274,BBVT6,BRBBVTACNPB8
897,505,FIGE3,BRFIGEACNOR6
898,505,FIGE4,BRFIGEACNPR3
899,506,BECE4,BRBECEACNPR0
900,508,PRGA4,BRPRGAACNPR1
901,66,INEP12,BRINEPA02PR7
902,509,CDOU4,BRCDOUACNPR1
903,508,PRGA3,BRPRGAACNOR4
904,510,RSID3,BRRSIDACNOR8
905,302,IVTE3,BRIVTEACNOR6
906,506,BECE3,BRBECEACNOR3
907,511,CECI3,BRCECIACNOR2
908,67,MYP 7,BRMYPKA03PR1
909,512,JFAB4,BRJFABACNPR0
910,223,SULT3,BRSULTACNOR2
911,513,CGAS4,BRCGASACNPR7
912,422,CCCC3,BRCCCCACNOR9
913,509,CDOU3,BRCDOUACNOR4
914,18,BCA 5,BRBCALACNPA9
915,161,ELPL4,BRELPLACNPR6
916,516,CNT 4,BRCNTEACNPR3
917,517,GMEC4,BRGMECACNPR2
918,382,MLFT12,BRMLFTA04PR8
919,518,CPFL4,BRCPFLACNPR2
920,519,BSLI3,BRBSLIACNOR5
921,519,BSLI4,BRBSLIACNPR2
922,189,TMGR12,BRTMGRA01PB3
923,520,LIAS4,BRLIASACNPR4
924,521,ECPR4,BRECPRACNPR2
925,521,ECPR3,BRECPRACNOR5
926,429,CMG 7,BRCMGRA03OR4
927,408,SPRI3,BRSPRIACNOR2
928,389,BGI 6,BRBGIPA02PR7
929,522,ITI 3,BRITINACNOR4
930,522,ITI 4,BRITINACNPR1
931,442,TRAS3,BRTRASACNOR1
932,523,MMA 3,BRMMAQACNOR1
933,187,BFI 10,BRBFITA02OR4
934,161,ELP 5,BRELPLA01OR0
935,486,PLIM3,BRPLIMACNOR8
936,524,RCLL5,BRRCLLACNPA2
937,242,SOE 6,BRSOESA01PR0
938,429,CMG 8,BRCMGRA03PR1
939,525,USGE3,BRUSGEACNOR4
940,123,CSTB4,BRCSTBACNPR8
941,527,AMLC4,BRAMLCACNPR0
942,528,CVPT4,BRCVPTACNPR2
943,311,BMC 6,BRBMCTA01PR2
944,24,CABR13,BRCABRA02PR9
945,504,SBS 6,BRSBSPA01OR6
946,155,CGOS12,BRCGOSA01PB3
947,513,CGAS11,BRCGASARNPB9
948,430,BGOS3,BRBGOSACNOR3
949,529,IENG4,BRIENGACNPR7
950,531,GTCZ4,BRGTCZACNPR2
951,532,EBEN4,BREBENACNPR7
952,533,EMAE4,BREMAEACNPR1
953,534,EPTE4,BREPTEACNPR4
954,535,PICO3,BRPICOACNOR3
955,535,PICO4,BRPICOACNPR0
956,210,IVIL11,BRIVILA01OR5
957,131,TELB40,BRTELBA40PR8
958,131,TELB30,BRTELBA30OR2
959,441,CEBR5,BRCEBRACNPA8
960,441,CEBR6,BRCEBRACNPB6
961,536,APHA3,BRAPHAACNOR8
962,537,TBAC3,BRTBACACNOR9
963,537,TBAC6,BRTBACACNPB0
964,538,TMGC6,BRTMGCACNPB4
965,538,TMGC7,BRTMGCACNPC2
966,539,TPRC3,BRTPRCACNOR3
967,539,TPRC6,BRTPRCACNPB4
968,540,TRJC3,BRTRJCACNOR6
969,540,TRJC6,BRTRJCACNPB7
970,541,TSPC3,BRTSPCACNOR1
971,541,TSPC6,BRTSPCACNPB2
972,542,TBRC3,BRTBRCACNOR3
973,542,TBRC6,BRTBRCACNPB4
974,538,TMGC3,BRTMGCACNOR3
975,537,TBAC7,BRTBACACNPC8
976,538,TMGC11,BRTMGCACNPE8
977,549,CEPE5,BRCEPEACNPA6
978,550,GRSU3,BRGRSUACNOR6
979,550,GRSU6,BRGRSUACNPB7
980,528,CVPT3,BRCVPTACNOR5
981,95,PALF11,BRPALFARNPC6
982,529,IENG3,BRIENGACNOR0
983,466,BCMG3,BRBCMGACNOR1
984,138,VALE5,BRVALEACNPA3
985,529,IENG5,BRIENGACNPA3
986,457,GRPA3,BRGRPAACNOR4
987,555,TPAN3,BRTPANACNOR6
988,556,PITI3,BRPITIACNOR9
989,556,PITI4,BRPITIACNPR6
990,558,FTSE4,BRFTSEACNPR5
991,154,ELCA4,BRELCAACNPR7
992,214,MLPA12,BRMLPAA01PR3
993,550,GRSU5,BRGRSUACNPA9
994,559,EKTR4,BREKTRACNPR7
995,560,PIUM3,BRPIUMACNOR9
996,560,PIUM4,BRPIUMACNPR6
997,562,EBTP3,BREBTPACNOR3
998,562,EBTP4,BREBTPACNPR0
999,563,TCSL4,BRTCSLACNPR7
1000,564,TCOC4,BRTCOCACNPR5
1001,565,TCSP4,BRTCSPACNPR8
1002,566,TLCP4,BRTLCPACNPR3
1003,567,TNEP4,BRTNEPACNPR5
1004,568,TNCP4,BRTNCPACNPR9
1005,569,TNLP4,BRTNLPACNPR0
1006,570,TSEP4,BRTSEPACNPR4
1007,571,RCTB30,BRRCTBCSA017
1008,571,RCTB40,BRRCTBCSA025
1009,572,TMCP3,BRTMCPACNOR4
1010,572,TMCP4,BRTMCPACNPR1
1011,573,TSPP4,BRTSPPACNPR0
1012,574,TLPP4,BRTLPPACNPR5
1013,563,TCSL3,BRTCSLACNOR0
1014,574,TLPP3,BRTLPPACNOR8
1015,570,TSEP3,BRTSEPACNOR7
1016,573,TSPP3,BRTSPPACNOR3
1017,435,PATI3,BRPATIACNOR6
1018,564,TCOC3,BRTCOCACNOR8
1019,566,TLCP3,BRTLCPACNOR6
1020,567,TNEP3,BRTNEPACNOR8
1021,568,TNCP3,BRTNCPACNOR2
1022,565,TCSP3,BRTCSPACNOR1
1023,569,TNLP3,BRTNLPACNOR3
1024,576,PIJU3,BRPIJUACNOR5
1025,577,POCO3,BRPOCOACNOR1
1026,577,POCO4,BRPOCOACNPR8
1027,576,PIJU4,BRPIJUACNPR2
1028,467,SIBR6,BRSIBRACNPB3
1029,198,MWET3,BRMWETACNOR6
1030,4,BASU5,BRBASUACNPA6
1031,161,ELPL3,BRELPLACNOR9
1032,578,RNPT4,BRRNPTACNPR7
1033,558,FTSE3,BRFTSEACNOR8
1034,545,TMGC12,BRTMGCACNPF5
1035,552,VINE5,BRVINEACNPA2
1036,532,EBEN3,BREBENACNOR0
1037,580,RCPR11,BRRCPRACNPE2
1038,580,RCPR12,BRRCPRACNPF9
1039,580,RCPR3,BRRCPRACNOR7
1040,580,RCPR5,BRRCPRACNPA0
1041,580,RCPR6,BRRCPRACNPB8
1042,580,RCPR8,BRRCPRACNPD4
1043,581,RHPR3,BRRHPRACNOR6
1044,581,RHPR4,BRRHPRACNPR3
1045,582,RPPR3,BRRPPRACNOR9
1046,582,RPPR5,BRRPPRACNPA2
1047,582,RPPR6,BRRPPRACNPB0
1048,583,CSUL3,BRCSULACNOR8
1049,4,BASU6,BRBASUACNPB4
1050,559,EKTR3,BREKTRACNOR0
1051,137,USIM5,BRUSIMACNPA6
1052,137,USIM6,BRUSIMACNPB4
1053,578,RNPT3,BRRNPTACNOR0
1054,66,INEP13,BRINEPA03PR5
1055,95,PALF12,BRPALFA02PR5
1056,585,PREQ3,BRPREQACNOR5
1057,513,CGAS3,BRCGASACNOR0
1058,580,RCPR7,BRRCPRACNPC6
1059,587,SALM3,BRSALMACNOR9
1060,587,SALM4,BRSALMACNPR6
1061,588,CTWR3,BRCTWRACNOR9
1062,590,EALT4,BREALTACNPR1
1063,591,BHEQ3,BRBHEQACNOR6
1064,591,BHEQ4,BRBHEQACNPR3
1065,552,VINE6,BRVINEACNPB0
1066,589,RCTB31,BRRCTBCSA033
1067,589,RCTB41,BRRCTBCSA041
1068,592,DATA4,BRDATAACNPR6
1069,593,TANC4,BRTANCACNPR1
1070,592,DATA3,BRDATAACNOR9
1071,594,PNXS3,BRPNXSACNOR0
1072,594,PNXS4,BRPNXSACNPR7
1073,72,ITSA12,BRITSAA01PR8
1074,137,USIM11,BRUSIMA01OR4
1075,247,IBAN5,BRIBANACNPA2
1076,600,CSRN3,BRCSRNACNOR0
1077,601,RSIP4,BRRSIPACNPR9
1078,600,CSRN5,BRCSRNACNPA3
1079,602,INFM4,BRINFMACNPR2
1080,603,JOPA4,BRJOPAACNPR2
1081,341,ELND4,BRELNDACNPR8
1082,604,GEPA3,BRGEPAACNOR2
1083,604,GEPA4,BRGEPAACNPR9
1084,605,GETI3,BRGETIACNOR7
1085,605,GETI4,BRGETIACNPR4
1086,606,TRPL3,BRTRPLACNOR4
1087,606,TRPL4,BRTRPLACNPR1
1088,607,RGEG3,BRRGEGACNOR5
1089,269,BEBA3,BRBEBAACNOR3
1090,269,BEBA5,BRBEBAACNPA6
1091,269,BEBA6,BRBEBAACNPB4
1092,608,CELP5,BRCELPACNPA1
1093,608,CELP7,BRCELPACNPC7
1094,501,GFTT3,BRGFTTACNOR1
1095,609,IBOV11,BRIBOVINDM18
1096,515,ITPS3,BRITPSACNOR8
1097,417,BALM3,BRBALMACNOR5
1098,611,PXEC4,BRPXECACNPR0
1099,221,PLTO5,BRPLTOACNPA4
1100,612,CRGT5,BRCRGTACNPA5
1101,613,CRTP5,BRCRTPACNPA6
1102,72,ITSA11,BRITSAA01OR1
1103,614,AMBV3,BRAMBVACNOR4
1104,615,SCAR3,BRSCARACNOR7
1105,615,SCAR4,BRSCARACNPR4
1106,194,UBBR11,BRUBBRCDAM14
1107,614,AMBV4,BRAMBVACNPR1
1108,616,RECF4,BRRECFACNPR3
1109,617,RCES40,BRRCESCSA021
1110,613,CRTP3,BRCRTPACNOR3
1111,618,UGPA4,BRUGPAACNPR5
1112,612,CRGT3,BRCRGTACNOR2
1113,549,CEPE6,BRCEPEACNPB4
1114,601,RSIP3,BRRSIPACNOR2
1115,602,INFM3,BRINFMACNOR5
1116,149,BBCM12,BRBBCMA02PR8
1117,574,TLPP11,BRTLPPA01OR9
1118,574,TLPP12,BRTLPPA02PR4
1119,325,VCPA4,BRVCPAACNPR2
1120,95,PALF5,BRPALFACNPA2
1121,585,PREQ4,BRPREQACNPR2
1122,51,ETER4,BRETERACNPR0
1123,503,LATS4,BRLATSACNPR1
1124,31,CHAP11,BRCHAPA01OR5
1125,135,TUPY11,BRTUPYA01OR2
1126,403,SANO3,BRSANOACNOR1
1127,158,CTNM11,BRCTNMA01PR7
1128,622,AESL3,BRAESLACNOR6
1129,518,CPFL3,BRCPFLACNOR5
1130,208,FESA3,BRFESAACNOR8
1131,232,IGBR6,BRIGBRACNPB8
1132,616,RECF3,BRRECFACNOR6
1133,590,EALT3,BREALTACNOR4
1134,132,TEPR16,BRTEPRA06PR6
1135,132,TEPR14,BRTEPRA04PR1
1136,132,TEPR13,BRTEPRA03PR3
1137,132,TEPR12,BRTEPRA25PR6
1138,132,TEPR11,BRTEPRA01OR0
1139,132,TEPR17,BRTEPRA07PR4
1140,132,TEPR18,BRTEPRA08PR2
1141,132,TEPR24,BRTEPRA14PR0
1142,132,TEPR27,BRTEPRA17PR3
1143,132,TEPR31,BRTEPRA21PR5
1144,132,TEPR30,BRTEPRA20PR7
1145,132,TEPR28,BRTEPRA18PR1
1146,431,SLED6,BRSLEDACNPB1
1147,132,TEPR21,BRTEPRA11PR6
1148,624,TROR4,BRTRORACNPR1
1149,132,TEPR23,BRTEPRA13PR2
1150,431,SLED5,BRSLEDACNPA3
1151,132,TEPR32,BRTEPRA22PR3
1152,132,TEPR29,BRTEPRA19PR9
1153,132,TEPR25,BRTEPRA15PR7
1154,132,TEPR20,BRTEPRA10PR8
1155,132,TEPR15,BRTEPRA05PR8
1156,446,PCAR18,BRPCARA02PR9
1157,625,GPCP3,BRGPCPACNOR4
1158,132,TEPR34,BRTEPRA24PR9
1159,42,CSPC4,BRCSPCACNPR4
1160,113,RPSA12,BRRPSAA04PR1
1161,42,CSPC3,BRCSPCACNOR7
1162,627,CFLU4,BRCFLUACNPR2
1163,628,MLCF4,BRMLCFACNPR9
1164,589,RCTB42,BRRCTBCSA066
1165,95,PALF7,BRPALFACNPC8
1166,631,IDNT3,BRIDNTACNOR5
1167,589,RCTB33,BRRCTBCSA074
1168,634,INET3,BRINETACNOR3
1169,341,ELND3,BRELNDACNOR1
1170,636,BRAP4,BRBRAPACNPR2
1171,636,BRAP3,BRBRAPACNOR5
1172,152,BIOB4,BRBIOBACNPR2
1173,637,VPSC4,BRVPSCACNPR4
1174,638,VPTA4,BRVPTAACNPR6
1175,589,RCTB32,BRRCTBCSA058
1176,497,VSPT3,BRVSPTACNOR1
1177,156,CQUE3,BRCQUEACNOR7
1178,178,MTPS3,BRMTPSACNOR0
1179,188,TOYB5,BRTOYBACNPA7
1180,638,VPTA3,BRVPTAACNOR9
1181,641,MROE4,BRMROEACNPR4
1182,187,BFIT12,BRBFITA06PR2
1183,311,BMCT12,BRBMCTA07PR9
1184,645,PITI13,BRPITIA02PR5
1185,570,TSEP12,BRTSEPA01PR5
1186,570,TSEP14,BRTSEPA02PR3
1187,570,TSEP11,BRTSEPA01OR8
1188,566,TLCP15,BRTLCPA03PR0
1189,566,TLCP17,BRTLCPA05PR5
1190,570,TSEP13,BRTSEPA02OR6
1191,411,CEEB5,BRCEEBACNPA6
1192,628,MLCF3,BRMLCFACNOR2
1193,458,CTAN8,BRCTANACNPD1
1194,646,SLCP3,BRSLCPACNOR8
1195,622,AESL4,BRAESLACNPR3
1196,647,SDIA4,BRSDIAACNPR1
1197,194,UBBR13,BRUBBRA02PR9
1198,194,UBBR12,BRUBBRA02OR2
1199,648,PEAB3,BRPEABACNOR3
1200,648,PEAB4,BRPEABACNPR0
1201,647,SDIA3,BRSDIAACNOR4
1202,649,CEGR3,BRCEGRACNOR4
1203,493,GGBR4,BRGGBRACNPR8
1204,493,GGBR3,BRGGBRACNOR1
1205,189,TMGR7,BRTMGRACNPC0
1206,523,MMAQ4,BRMMAQACNPR8
1207,637,VPSC3,BRVPSCACNOR7
1208,339,SLAL12,BRSLALA01OR2
1209,549,CEPE3,BRCEPEACNOR3
1210,504,SBSP11,BRSBSPA03OR2
1211,645,PITI11,BRPITIA01PR7
1212,645,PITI16,BRPITIA05PR8
1213,627,CFLU3,BRCFLUACNOR5
1214,632,TCSP11,BRTCSPA01OR2
1215,652,TDBH4,BRTDBHACNPR9
1216,652,TDBH3,BRTDBHACNOR2
1217,513,CGAS5,BRCGASACNPA3
1218,653,BPIA3,BRBPIAACNOR4
1219,654,CPFG3,BRCPFGACNOR5
1220,247,IBAN6,BRIBANACNPB0
1221,654,CPFG4,BRCPFGACNPR2
1222,656,MEHH4,BRMEHHACNPR9
1223,188,TOYB6,BRTOYBACNPB5
1224,657,TMAR3,BRTMARACNOR4
1225,657,TMAR5,BRTMARACNPA7
1226,657,TMAR6,BRTMARACNPB5
1227,658,PVFS4,BRPVFSACNPR7
1228,387,MSTR6,BRMSTRACNPB7
1229,659,RCLL4,BRRCLLACNPR6
1230,658,PVFS3,BRPVFSACNOR0
1231,60,STED4,BRSTEDACNPR0
1232,660,RCSA11,BRRCSACSA011
1233,661,AMCE3,BRAMCEACNOR8
1234,662,TETE3,BRTETEACNOR9
1235,645,PITI12,BRPITIA06PR6
1236,664,KLBN4,BRKLBNACNPR9
1237,666,CCRO3,BRCCROACNOR2
1238,668,TBLE3,BRTBLEACNOR2
1239,668,TBLE6,BRTBLEACNPB3
1240,162,EMBR11,BREMBRA01PR2
1241,262,PTBL12,BRPTBLA01PR6
1242,664,KLBN3,BRKLBNACNOR2
1243,668,TBLE5,BRTBLEACNPA5
1244,191,TRFO16,BRTRFOA02PR5
1245,671,SZPQ4,BRSZPQACNPR5
1246,579,LFFE3,BRLFFEACNOR2
1247,470,GLOB11,BRGLOBA01PR6
1248,468,PVLT11,BRPVLTA01OR7
1249,388,BAHI5,BRBAHIACNPA4
1250,673,SAPR4,BRSAPRACNPR6
1251,155,CGOS4,BRCGOSACNPR8
1252,633,BRTO3,BRBRTOACNOR8
1253,633,BRTO4,BRBRTOACNPR5
1254,632,BRTP3,BRBRTPACNOR5
1255,632,BRTP4,BRBRTPACNPR2
1256,388,BAHI11,BRBAHIARNPB0
1257,599,EMXS3,BREMXSACNOR6
1258,676,CPFP4,BRCPFPACNPR3
1259,464,CRBM3,BRCRBMACNOR8
1260,608,CELP6,BRCELPACNPB9
1261,370,CTSA8,BRCTSAACNPD0
1262,677,DTCY3,BRDTCYACNOR5
1263,78,LIGH11,BRLIGHA02OR6
1264,652,TDBH12,BRTDBHA01PR0
1265,678,BRKM5,BRBRKMACNPA4
1266,679,BIOM4,BRBIOMACNPR9
1267,75,KEPL3,BRKEPLACNOR1
1268,60,FRAS4,BRFRASACNPR7
1269,678,BRKM6,BRBRKMACNPB2
1270,681,PPAR3,BRPPARACNOR5
1271,682,AELP3,BRAELPACNOR2
1272,678,BRKM3,BRBRKMACNOR1
1273,679,BIOM3,BRBIOMACNOR2
1274,683,GMSA3,BRGMSAACNOR9
1275,618,UGPA3,BRUGPAACNOR8
1276,177,LETO5,BRLETOACNPA8
1277,188,TOYB3,BRTOYBACNOR4
1278,305,BSUL6,BRBSULACNPB1
1279,545,TMGC13,BRTMGCACNPG3
1280,632,BRTP12,BRBRTPA01OR6
1281,632,BRTP13,BRBRTPA01PR3
1282,396,CEDO4,BRCEDOACNPR5
1283,686,SLAE3,BRSLAEACNOR6
1284,503,LATS6,BRLATSACNPB5
1285,688,LGLO4,BRLGLOACNPR4
1286,479,CPCA3,BRCPCAACNOR5
1287,60,FRAS3,BRFRASACNOR0
1288,341,CQUE4,BRCQUEACNPR4
1289,341,ELEK4,BRELEKACNPR2
1290,341,ELEK3,BRELEKACNOR5
1291,690,MNDL4,BRMNDLACNPR1
1292,191,TRFO11,BRTRFOA05OR1
1293,191,TRFO12,BRTRFOA06PR6
1294,690,MNDL3,BRMNDLACNOR4
1295,692,NATU3,BRNATUACNOR6
1296,676,CPFP3,BRCPFPACNOR6
1297,693,GOLL4,BRGOLLACNPR4
1298,635,ALLL4,BRALLLACNPR3
1299,635,ALLL3,BRALLLACNOR6
1300,141,WEGE4,BRWEGEACNPR7
1301,694,SUZB5,BRSUZBACNPA3
1302,694,SUZB6,BRSUZBACNPB1
1303,655,VINE3,BRVINEACNOR9
1304,141,WEGE3,BRWEGEACNOR0
1305,695,CPFE3,BRCPFEACNOR0
1306,697,MIBV11,BRMIBVINDM10
1307,698,GRND3,BRGRNDACNOR3
1308,699,DASA3,BRDASAACNOR1
1309,700,PSSA3,BRPSSAACNOR7
1310,672,GAFP4,BRGAFPACNPR6
1311,601,RSIP12,BRRSIPA01PR0
1312,601,RSIP11,BRRSIPA01OR3
1313,701,BMBR4,BRBMBRACNPR7
1314,702,FAMB11B,BRFAMBCTF018
1315,703,TPEC3B,BRTPECACNOR1
1316,703,TPEC6B,BRTPECACNPB2
1317,704,TMAC8B,BRTMACACNPD3
1318,705,SHPH11B,BRSHPHCTF008
1319,706,EEEL3,BREEELACNOR8
1320,706,EEEL4,BREEELACNPR5
1321,704,TMAC6B,BRTMACACNPB7
1322,703,TPEC7B,BRTPECACNPC0
1323,707,QGNP4B,BRQGNPACNPR6
1324,703,TPEC8B,BRTPECACNPD8
1325,708,RBRA3B,BRRBRAACNOR1
1326,709,ENGI3,BRENGIACNOR0
1327,704,TMAC3B,BRTMACACNOR6
1328,710,TLVT3B,BRTLVTACNOR8
1329,711,TRNT11B,BRTRNTCTF013
1330,704,TMAC11B,BRTMACACNPE1
1331,712,RNAR3,BRRNARACNOR6
1332,704,TMAC5B,BRTMACACNPA9
1333,704,TMAC7B,BRTMACACNPC5
1334,703,TPEC11B,BRTPECD04PB1
1335,713,SUBA3,BRSUBAACNOR3
1336,714,ENMA3B,BRENMAACNOR5
1337,199,WISA3,BRWISAACNOR4
1338,74,JBDU12,BRJBDUA03PR0
1339,714,ENMA5B,BRENMAACNPA8
1340,714,ENMA6B,BRENMAACNPB6
1341,716,SVXE3B,BRSVXEACNOR7
1342,674,NETC4,BRNETCACNPR3
1343,684,TAMM4,BRTAMMACNPR2
1344,674,NETC3,BRNETCACNOR6
1345,718,OPRE3B,BROPREACNOR0
1346,719,PMSP11B,BRPMSPCPA000
1347,719,PMSP12B,BRPMSPCPA018
1348,721,RENT3,BRRENTACNOR4
1349,722,ANDG3B,BRANDGACNOR9
1350,722,ANDG4B,BRANDGACNPR6
1351,723,MRSA5B,BRMRSAACNPA9
1352,724,ALMI11B,BRALMICTF003
1353,723,MRSA3B,BRMRSAACNOR6
1354,723,MRSA6B,BRMRSAACNPB7
1355,491,CYRE3,BRCYREACNOR7
1356,726,ENBR3,BRENBRACNOR2
1357,727,OHLB3,BROHLBACNOR6
1358,728,BBFI11B,BRBBFICTF006
1359,684,TAMM3,BRTAMMACNOR5
1360,730,CTAX4,BRCTAXACNPR0
1361,730,CTAX3,BRCTAXACNOR3
1362,731,BNCA3,BRBNCAACNOR2
1363,732,CSAN3,BRCSANACNOR6
1364,607,RGEG13,BRRGEGA01OR6
1365,734,UOLL4,BRUOLLACNPR5
1366,735,ARCE3,BRARCEACNOR7
1367,736,CAIA4B,BRCAIAACNPR1
1368,464,CRBM5,BRCRBMACNPA1
1369,600,CSRN6,BRCSRNACNPB1
1370,707,QGNP3B,BRQGNPACNOR9
1371,561,PLAS4,BRPLASACNPR9
1372,738,CSMG3,BRCSMGACNOR5
1373,421,GFSA3,BRGFSAACNOR3
1374,739,LIGT3,BRLIGTACNOR2
1375,740,CPNY3,BRCPNYACNOR2
1376,741,TOTS3,BRTOTSACNOR8
1377,742,VIVO3,BRVIVOACNOR1
1378,742,VIVO4,BRVIVOACNPR8
1379,743,ABNB3,BRABNBACNOR4
1380,744,AGRO3,BRAGROACNOR7
1381,745,CARD3,BRCARDACNOR9
1382,746,LUPA3,BRLUPAACNOR8
1383,747,DSUL3,BRDSULACNOR6
1384,603,JOPA3,BRJOPAACNOR5
1385,748,CASN3,BRCASNACNOR6
1386,748,CASN4,BRCASNACNPR3
1387,749,WHRL4,BRWHRLACNPR2
1388,750,REDE3,BRREDEACNOR7
1389,750,REDE4,BRREDEACNPR4
1390,749,WHRL3,BRWHRLACNOR5
1391,751,MMXM3,BRMMXMACNOR2
1392,752,ABYA3,BRABYAACNOR3
1393,29,CESP5,BRCESPACNPA6
1394,29,CESP6,BRCESPACNPB4
1395,753,AFLU3,BRAFLUACNOR9
1396,161,ELPL5,BRELPLACNPA2
1397,161,ELPL6,BRELPLACNPB0
1398,291,ASSM4,BRASSMACNPR1
1399,754,MEDI3,BRMEDIACNOR9
1400,755,KSSA3,BRKSSAACNOR8
1401,756,AMPI3,BRAMPIACNOR1
1402,757,MDIA3,BRMDIAACNOR7
1403,758,BISA3,BRBISAACNOR8
1404,759,PFRM3,BRPFRMACNOR1
1405,433,BEES11,BRBEESA02OR8
1406,760,CTAP3,BRCTAPACNOR9
1407,761,CTCO3,BRCTCOACNOR8
1408,762,CTMI3,BRCTMIACNOR9
1409,763,ECOD3,BRECODACNOR8
1410,764,ODPV3,BRODPVACNOR4
1411,765,POSI3,BRPOSIACNOR9
1412,766,LPSB3,BRLPSBACNOR0
1413,767,RBCS3B,BRRBCSACNOR5
1414,262,PTBL11,BRPTBLA02PR4
1415,768,PDGR3,BRPDGRACNOR8
1416,769,CCIM3,BRCCIMACNOR5
1417,770,RDNI3,BRRDNIACNOR9
1418,771,TCSA3,BRTCSAACNOR3
1419,694,SUZB12,BRSUZBA01PA4
1420,772,IGTA3,BRIGTAACNOR5
1421,774,SMTO3,BRSMTOACNOR3
1422,232,IGBR7,BRIGBRACNPC6
1423,775,GVTT3,BRGVTTACNOR8
1424,753,AFLU5,BRAFLUACNPA2
1425,776,JBSS3,BRJBSSACNOR8
1426,777,EVEN3,BREVENACNOR8
1427,778,PINE4,BRPINEACNPR8
1428,779,SANB3,BRSANBACNOR8
1429,779,SANB4,BRSANBACNPR5
1430,780,BRML3,BRBRMLACNOR9
1431,709,ENGI4,BRENGIACNPR7
1432,782,VDNP3B,BRVDNPACNOR6
1433,783,FHER3,BRFHERACNOR5
1434,784,JHSF3,BRJHSFACNOR2
1435,785,FRIO3,BRFRIOACNOR2
1436,561,PLAS3,BRPLASACNOR2
1437,786,BEMA3,BRBEMAACNOR0
1438,787,CRDE3,BRCRDEACNOR1
1439,788,AGIN3,BRAGINACNOR8
1440,624,TROR3,BRTRORACNOR4
1441,789,TRNA3,BRTRNAACNOR2
1442,789,TRNA4,BRTRNAACNPR9
1443,790,CEED3,BRCEEDACNOR9
1444,791,SFSA4,BRSFSAACNPR5
1445,790,CEED4,BRCEEDACNPR6
1446,250,BSCT3,BRBSCTACNOR1
1447,793,INPR3,BRINPRACNOR3
1448,794,CPTP3B,BRCPTPACNOR7
1449,795,SPRT3B,BRSPRTACNOR9
1450,796,SLCE3,BRSLCEACNOR2
1451,797,OPDC3B,BROPDCACNOR4
1452,798,LOGN3,BRLOGNACNOR3
1453,799,EZTC3,BREZTCACNOR0
1454,203,BRSR5,BRBRSRACNPA6
1455,800,CZRS4,BRCZRSACNPR1
1456,792,CTPC3,BRCTPCACNOR5
1457,801,DAYC4,BRDAYCACNPR2
1458,802,MRFG3,BRMRFGACNOR0
1459,803,PRBC4,BRPRBCACNPR8
1460,804,TGMA3,BRTGMAACNOR7
1461,805,RDCD3,BRRDCDACNOR3
1462,806,IVTT3,BRIVTTACNOR4
1463,807,BEEF3,BRBEEFACNOR6
1464,808,ACGU3,BRACGUACNOR6
1465,809,MRVE3,BRMRVEACNOR2
1466,810,TPIS3,BRTPISACNOR8
1467,811,IDVL4,BRIDVLACNPR2
1468,812,APHP3B,BRAPHPACNOR6
1469,813,MULT3,BRMULTACNOR5
1470,814,PRVI3,BRPRVIACNOR6
1471,815,SGPS3,BRSGPSACNOR4
1472,816,GSHP3,BRGSHPACNOR7
1473,817,ABCB11,BRABCBCDAM15
1474,818,AEDU11,BRAEDUCDAM18
1475,635,ALLL11,BRALLLCDAM10
1476,819,BPAT11,BRBPATBDR005
1477,203,BRSR11,BRBRSRCDAM10
1478,820,DUFB11,BRDUFBBDR008
1479,821,EQTL11,BREQTLCDAM13
1480,822,ESTC11,BRESTCCDAM12
1481,823,GPIV33,BRGPIVBDR003
1482,824,KROT11,BRKROTCDAM11
1483,825,STBR11,BRSTBRCDAM18
1484,826,TARP11,BRTARPBDR001
1485,827,TEFC11,BRTEFCBDR014
1486,789,TRNA11,BRTRNACDAM14
1487,828,WSON33,BRWSONBDR009
1488,829,ELEV3,BRELEVACNOR2
1489,830,BTOW3,BRBTOWACNOR8
1490,831,CCPR3,BRCCPRACNOR9
1491,832,CZLT33,BRCZLTBDR009
1492,834,BTTL3,BRBTTLACNOR0
1493,834,BTTL4,BRBTTLACNPR7
1494,203,BRSR6,BRBRSRACNPB4
1495,835,SATI3,BRSATIACNOR0
1496,817,ABCB4,BRABCBACNPR4
1497,836,SULA11,BRSULACDAM12
1498,837,BICB11,BRBICBCDAM17
1499,838,TEND3,BRTENDACNOR4
1500,839,TRIS3,BRTRISACNOR4
1501,840,SEBB11,BRSEBBCDAM13
1502,841,MARI3,BRMARIACNOR7
1503,842,AGEN11,BRAGENBDR001
1504,843,BOVH3,BRBOVHACNOR5
1505,844,AMIL3,BRAMILACNOR0
1506,845,BBRK3,BRBBRKACNOR4
1507,837,BICB4,BRBICBACNPR7
1508,846,HBOR3,BRHBORACNOR3
1509,847,MILK33,BRMILKBDR003
1510,837,BICB3,BRBICBACNOR0
1511,848,BPNM4,BRBPNMACNPR6
1512,849,BMEF3,BRBMEFACNOR9
1513,852,STBP11,BRSTBPCDAM10
1514,853,MPXE3,BRMPXEACNOR2
1515,854,TEMP3,BRTEMPACNOR0
1516,855,MHAN3B,BRMHANACNOR8
1517,856,NUTR3,BRNUTRACNOR0
1518,446,PCAR11,BRPCARA07PR8
1519,857,MAGG3,BRMAGGACNOR4
1520,821,EQTL3,BREQTLACNOR0
1521,858,AMRI8,BRAMRIACNPD4
1522,859,HYPE3,BRHYPEACNOR0
1523,860,TECH11B,BRTECHARNPB7
1524,861,LLIS3,BRLLISACNOR4
1525,433,BEES4,BRBEESACNPR6
1526,863,OGXP3,BROGXPACNOR3
1527,822,ESTC3,BRESTCACNOR5
1528,865,IRON3,BRIRONACNOR6
1529,866,LLXL3,BRLLXLACNOR8
1530,867,BVMF3,BRBVMFACNOR3
1531,870,PMET6,BRPMETACNPB1
1532,871,GPAR3,BRGPARACNOR4
1533,872,IVTL11B,BRIVTLARNPA2
1534,873,CLAN4,BRCLANACNPR8
1535,742,VIVO12,BRVIVOA01PR9
1536,58,FJTA12,BRFJTAA01PR3
1537,811,IDVL3,BRIDVLACNOR5
1538,874,ITUB3,BRITUBACNOR4
1539,874,ITUB4,BRITUBACNPR1
1540,877,TRPN3,BRTRPNACNOR0
1541,881,VNET3,BRVNETACNOR6
1542,446,PCAR5,BRPCARACNPA6
1543,325,VCPA3,BRVCPAACNOR5
1544,165,GAZO3,BRGAZOACNOR0
1545,85,MEND3,BRMENDACNOR9
1546,884,CSMB3,BRCSMBACNOR6
1547,885,TVIT3,BRTVITACNOR4
1548,779,SANB11,BRSANBCDAM13
1549,45,DTEX3,BRDTEXACNOR3
1550,886,CTIP3,BRCTIPACNOR2
1551,709,ENGI11,BRENGICDAM16
1552,887,FIBR3,BRFIBRACNOR9
1553,888,DIRR3,BRDIRRACNOR0
1554,882,BRFS3,BRBRFSACNOR8
1555,738,CSMG11,BRCSMGA03OR2
1556,738,CSMG12,BRCSMGA02OR4
1557,889,FLRY3,BRFLRYACNOR5
1558,890,STLB3,BRSTLBACNOR2
1559,891,CIEL3,BRCIELACNOR3
1560,892,BHGR3,BRBHGRACNOR9
1561,893,ALSC3,BRALSCACNOR0
1562,894,MPLU3,BRMPLUACNOR3
1563,895,AGEI3,BRAGEIACNOR7
1564,896,BRPR3,BRBRPRACNOR9
1565,897,OSXB3,BROSXBACNOR8
1566,898,ECOR3,BRECORACNOR8
1567,698,GRND11,BRGRNDA01OR4
1568,899,MILS3,BRMILSACNOR2
1569,900,DAGB33,BRDAGBBDR008
1570,901,JSLG3,BRJSLGACNOR2
1571,903,AMAR3,BRAMARACNOR4
1572,904,RNEW11,BRRNEWCDAM15
1573,905,TERI3,BRTERIACNOR4
1574,906,RDTR3,BRRDTRACNOR7
1575,907,LHER4,BRLHERACNPR0
1576,908,AAPL34,BRAAPLBDR004
1577,909,ARMT34,BRARMTBDR008
1578,910,AVON34,BRAVONBDR009
1579,911,BOAC34,BRBOACBDR004
1580,912,EXXO34,BREXXOBDR006
1581,913,GOOG34,BRGOOGBDR005
1582,914,GSGI34,BRGSGIBDR008
1583,915,MCDC34,BRMCDCBDR000
1584,916,PFIZ34,BRPFIZBDR006
1585,917,WALM34,BRWALMBDR005
1586,919,HRTP3,BRHRTPACNOR2
1587,870,PMET5,BRPMETACNPA3
1588,920,BRIN3,BRBRINACNOR3
1589,921,VLID3,BRVLIDACNOR5
1590,922,CTGP34,BRCTGPBDR000
1591,923,AFLT3,BRAFLTACNOR1
1592,924,PRTX3,BRPRTXACNOR9
1593,818,AEDU3,BRAEDUACNOR9
1594,925,MSFT34,BRMSFTBDR005
1595,926,FCXO34,BRFCXOBDR007
1596,927,RAIA3,BRRAIAACNOR2
1597,929,ARZZ3,BRARZZACNOR3
1598,930,SSBR3,BRSSBRACNOR1
1599,931,AUTM3,BRAUTMACNOR8
1600,932,QGEP3,BRQGEPACNOR8
1601,934,IMCH3,BRIMCHACNOR4
1602,608,CELP3,BRCELPACNOR8
1603,935,SHOW3,BRSHOWACNOR7
1604,936,MGLU3,BRMGLUACNOR2
1605,937,PGCO34,BRPGCOBDR001
1606,938,VIVR3,BRVIVRACNOR4
1607,939,AORE3,BRAOREACNOR2
1608,940,DOMO3,BRDOMOACNOR6
1609,148,AZEV3,BRAZEVACNOR0
1610,942,BPHA3,BRBPHAACNOR6
1611,943,RJCP3,BRRJCPACNOR4
1612,944,QUAL3,BRQUALACNOR6
1613,945,TECN3,BRTECNACNOR6
1614,946,COCA34,BRCOCABDR002
1615,947,ABRE11,BRABRECDAM15
1616,696,TIMP3,BRTIMPACNOR1
1617,948,GEOO34,BRGEOOBDR000
1618,949,COLG34,BRCOLGBDR000
1619,950,VIVT3,BRVIVTACNOR0
1620,950,VIVT4,BRVIVTACNPR7
1621,951,VAGR3,BRVAGRACNOR2
1622,952,IBMB34,BRIBMBBDR003
1623,953,RADL3,BRRADLACNOR0
1624,954,AXPB34,BRAXPBBDR007
1625,955,CATP34,BRCATPBDR003
1626,956,MRCK34,BRMRCKBDR003
1627,957,ATTB34,BRATTBBDR007
1628,958,NIKE34,BRNIKEBDR006
1629,959,ORCL34,BRORCLBDR007
1630,960,WFCO34,BRWFCOBDR009
1631,26,CLSC4,BRCLSCACNPR3
1632,961,AALC34,BRAALCBDR002
1633,962,DISB34,BRDISBBDR006
1634,963,AMZO34,BRAMZOBDR002
1635,964,MSCD34,BRMSCDBDR006
1636,965,MSTO34,BRMSTOBDR007
1637,966,VISA34,BRVISABDR000
1638,967,TGLT32,BRTGLTBDR003
1639,968,LNKD11B,BRLNKDBDR002
1640,969,DELL11B,BRDELLBDR009
1641,970,SLBG34,BRSLBGBDR003
1642,971,CSCO34,BRCSCOBDR004
1643,972,EBAY34,BREBAYBDR009
1644,973,HOME34,BRHOMEBDR002
1645,824,KROT3,BRKROTACNOR9
1646,824,KROT4,BRKROTACNPR6
1647,974,UPSS34,BRUPSSBDR009
1648,975,OIBR3,BROIBRACNOR1
1649,975,OIBR4,BROIBRACNPR8
1650,976,VVAR3,BRVVARACNOR1
1651,977,LILY34,BRLILYBDR006
1652,978,FDXB34,BRFDXBBDR002
1653,979,JNJB34,BRJNJBBDR002
1654,980,LCAM3,BRLCAMACNOR3
1655,981,BBTG11,BRBBTGUNT007
1656,982,COPH34,BRCOPHBDR009
1657,983,UCAS3,BRUCASACNOR1
1658,984,CHVX34,BRCHVXBDR008
1659,985,ITLC34,BRITLCBDR005
1660,986,JPMC34,BRJPMCBDR009
1661,987,ABTT34,BRABTTBDR007
1662,988,AMGN34,BRAMGNBDR004
1663,989,VERZ34,BRVERZBDR008
1664,990,FDMO34,BRFDMOBDR008
1665,991,HPQB34,BRHPQBBDR006
1666,992,LMTB34,BRLMTBBDR009
1667,993,XRXB34,BRXRXBBDR005
1668,994,BOEI34,BRBOEIBDR003
1669,995,MMMC34,BRMMMCBDR000
1670,996,CCXC3,BRCCXCACNOR5
1671,941,TAEE11,BRTAEECDAM10
1672,997,HAGA3,BRHAGAACNOR7
1673,997,HAGA4,BRHAGAACNPR4
1674,998,CMCS34,BRCMCSBDR008
1675,999,VIGR3,BRVIGRACNOR5
1676,1000,LATM33,BRLATMBDR001
1677,1001,HALI34,BRHALIBDR004
1678,1002,NFLX34,BRNFLXBDR000
1679,1003,PHMO34,BRPHMOBDR008
1680,1004,QCOM34,BRQCOMBDR007
1681,797,BFRE11,BRBFREARNPA9
1682,797,BFRE12,BRBFREARNPB7
1683,1005,MAOR3B,BRMAORACNOR5
1684,1005,MAOR4B,BRMAORACNPR2
1685,1006,PEPB34,BRPEPBBDR005
1686,1007,ARTR3,BRARTRACNOR3
1687,1008,DOWB34,BRDOWBBDR006
1688,1009,LINX3,BRLINXACNOR0
1689,1010,HNZB11B,BRHNZBBDR002
1690,1011,PREB11,BRPREBBDR001
1691,1012,SBUB34,BRSBUBBDR005
1692,1013,SNSL3,BRSNSLACNOR9
1693,1014,MSBR34,BRMSBRBDR008
1694,1015,BSEV3,BRBSEVACNOR3
1695,1016,ALUP11,BRALUPCDAM15
1696,1017,BBSE3,BRBBSEACNOR5
1697,1018,SMLE3,BRSMLEACNOR1
1698,730,CTAX11,BRCTAXCDAM19
1699,673,SAPR3,BRSAPRACNOR9
1700,1022,HONB34,BRHONBBDR006
1701,1023,TWXB34,BRTWXBBDR003
1702,1024,BMYB34,BRBMYBBDR000
1703,1025,CPRE3,BRCPREACNOR5
1704,904,RNEW3,BRRNEWACNOR8
1705,1027,IBXL11,BRIBXLINDM19
1706,1026,ENEV3,BRENEVACNOR8
1707,1028,ANIM3,BRANIMACNOR6
1708,1029,BERK34,BRBERKBDR002
1709,1030,SEER3,BRSEERACNOR5
1710,1031,ABEV3,BRABEVACNOR1
1711,1032,CVCB3,BRCVCBACNOR1
1712,976,VVAR11,BRVVARCDAM10
1713,664,KLBN11,BRKLBNCDAM18
1714,1033,KFGI34,BRKFGIBDR007
1715,1034,FBOK34,BRFBOKBDR006
1716,1035,PRML3,BRPRMLACNOR9
1717,1036,BPAN4,BRBPANACNPR1
1718,1037,TWTR34,BRTWTRBDR007
1719,947,ABRE3,BRABREACNOR9
1720,1038,RLOG3,BRRLOGACNOR4
1721,1039,OFSA3,BROFSAACNOR7
1722,1040,BSAN33,BRBSANBDR002
1723,1042,UTEC34,BRUTECBDR005
1724,1043,USBC34,BRUSBCBDR003
1725,1044,ENMT3,BRENMTACNOR5
1726,1045,TIFF34,BRTIFFBDR000
1727,1046,MEAL3,BRMEALACNOR9
1728,1047,RUMO3,BRRUMOACNOR3
1729,1044,ENMT4,BRENMTACNPR2
1730,1048,PARC3,BRPARCACNOR3
1731,1049,SWET3,BRSWETACNOR3
1732,1050,PRIO3,BRPRIOACNOR1
1733,1051,BOXP34,BRBOXPBDR008
1734,1052,UPAC34,BRUPACBDR001
1735,1053,DHER34,BRDHERBDR004
1736,1054,MDLZ34,BRMDLZBDR002
1737,1055,SEDU3,BRSEDUACNOR1
1738,1056,COTY34,BRCOTYBDR006
1739,1057,FMXB34,BRFMXBBDR003
1740,1058,TEXA34,BRTEXABDR003
1741,1059,ACNB34,BRACNBBDR006
1742,1060,BONY34,BRBONYBDR001
1743,1061,CRPG5,BRCRPGACNPA3
1744,1062,KMBB34,BRKMBBBDR009
1745,1063,METB34,BRMETBBDR004
1746,1064,TGTB34,BRTGTBBDR004
1747,1065,GDBR34,BRGDBRBDR002
1748,913,GOOG35,BRGOOGBDR013
1749,1066,HSHY34,BRHSHYBDR001
1750,1067,MOSC34,BRMOSCBDR003
1751,1068,WUNI34,BRWUNIBDR007
1752,1069,KHCB34,BRKHCBBDR007
1753,976,VVAR4,BRVVARACNPR8
1754,1061,CRPG6,BRCRPGACNPB1
1755,490,SHUL3,BRSHULACNOR7
1756,1070,FRTA3,BRFRTAACNOR8
1757,1071,TIET11,BRTIETCDAM15
1758,1071,TIET4,BRTIETACNPR7
1759,1071,TIET3,BRTIETACNOR0
1760,1072,CLGN34,BRCLGNBDR002
1761,1073,CVSH34,BRCVSHBDR008
1762,1074,GILD34,BRGILDBDR000
1763,1075,TMOS34,BRTMOSBDR007
1764,1076,BIIB34,BRBIIBBDR001
1765,1077,BLAK34,BRBLAKBDR003
1766,1078,SCHW34,BRSCHWBDR006
1767,1079,GOGL34,BRGOGLBDR001
1768,1079,GOGL35,BRGOGLBDR019
1769,1080,DUPO34,BRDUPOBDR000
1770,1081,ESRX34,BRESRXBDR009
1771,1082,ROST34,BRROSTBDR006
1772,1083,TRVC34,BRTRVCBDR005
1773,1084,MACY34,BRMACYBDR000
1774,1085,SSFO34,BRSSFOBDR003
1775,1086,VTLM3,BRVTLMACNOR3
1776,1087,ABBV34,BRABBVBDR001
1777,1088,GPSI34,BRGPSIBDR009
1778,1089,DEAI34,BRDEAIBDR008
1779,1090,CTSH34,BRCTSHBDR002
1780,1091,COWC34,BRCOWCBDR006
1781,1092,EMCC34,BREMCCBDR008
1782,1093,MDTC34,BRMDTCBDR004
1783,981,BBTG35,BRBBTGBDR010
1784,981,BBTG36,BRBBTGBDR002
1785,1094,BPAC3,BRBPACACNOR7
1786,1094,BPAC5,BRBPACACNPA0
1787,1095,EGIE3,BREGIEACNOR9
1788,1096,BBYY34,BRBBYYBDR005
1789,1097,JCPC34,BRJCPCBDR000
1790,1098,RIGG34,BRRIGGBDR000
1791,1099,SPRN34,BRSPRNBDR006
1792,1100,TSOR34,BRTSORBDR006
1793,1101,USSX34,BRUSSXBDR003
1794,1102,VLOE34,BRVLOEBDR005
1795,1103,CHKE34,BRCHKEBDR001
1796,1104,SANC34,BRSANCBDR000
1797,852,STBP3,BRSTBPACNOR3
1798,1105,FSLR34,BRFSLRBDR001
1799,1016,ALUP4,BRALUPACNPR5
1800,1106,AETB34,BRAETBBDR009
1801,1107,DUKB34,BRDUKBBDR008
1802,1016,ALUP3,BRALUPACNOR8
1803,1108,AIGB34,BRAIGBBDR007
1804,1109,GMCO34,BRGMCOBDR008
1805,1110,AALR3,BRAALRACNOR6
1806,1111,TESA3,BRTESAACNOR9
1807,1112,UBSG34,BRUBSGBDR004
1808,1113,ADHM3,BRADHMACNOR9
1809,1114,TSLA34,BRTSLABDR008
1810,1115,GPRO34,BRGPROBDR009
1811,1116,MOVI3,BRMOVIACNOR0
1812,1117,PARD3,BRPARDACNOR1
1813,981,BBTG12,BRBBTGUNT015
1814,1094,BPAC11,BRBPACUNT006
1815,1119,LBRN34,BRLBRNBDR001
1816,1120,AALL34,BRAALLBDR003
1817,1121,RAIL3,BRRAILACNOR9
1818,1122,ATOM3,BRATOMACNOR1
1819,904,RNEW4,BRRNEWACNPR5
1820,1061,CRPG3,BRCRPGACNOR0
1821,836,SULA4,BRSULAACNPR9
1822,1123,AZUL4,BRAZULACNPR4
1823,836,SULA3,BRSULAACNOR2
1824,1124,WIZS3,BRWIZSACNOR1
1825,1126,ARNC34,BRARNCBDR002
1826,941,TAEE4,BRTAEEACNPR6
1827,941,TAEE3,BRTAEEACNOR9
1828,725,WLMM4,BRWLMMACNPR3
1829,725,WLMM3,BRWLMMACNOR6
1830,1127,CRFB3,BRCRFBACNOR2
1831,1128,GBIO33,BRGBIOBDR008
1832,1129,IRBR3,BRIRBRACNOR4
1833,1130,OMGE3,BROMGEACNOR0
1834,1131,OGSA3,BROGSAACNOR5
1835,1132,ANDV34,BRANDVBDR002
1836,1133,ODER4,BRODERACNPR3
1837,1134,PPLA11,BRPPLAUNT007
1838,1134,PPLA35,BRPPLABDR010
1839,1134,PPLA36,BRPPLABDR002
1840,1135,DMMO3,BRDMMOACNOR0
1841,1136,CAML3,BRCAMLACNOR3
1842,1018,SMLS3,BRSMLSACNOR1
1843,694,SUZB3,BRSUZBACNOR0
1844,673,SAPR11,BRSAPRCDAM13
1845,1137,BKBR3,BRBKBRACNOR4
1846,1139,DWDP34,BRDWDPBDR009
1847,862,JPSA4,BRJPSAACNPR3
1848,862,JPSA3,BRJPSAACNOR6
1849,1142,LIQO3,BRLIQOACNOR2
1850,1138,B3SA3,BRB3SAACNOR6
1851,1143,GNDI3,BRGNDIACNOR2
1852,1144,HAPV3,BRHAPVACNOR4
1853,1145,BIDI11,BRBIDICDAXX3
1854,1145,BIDI4,BRBIDIACNPR0
1855,1147,LOGG3,BRLOGGACNOR7
1856,1148,APER3,BRAPERACNOR9
1857,1149,SQIA3,BRSQIAACNOR6
1858,533,EMAE3,BREMAEACNOR4
1859,1151,CNTO3,BRCNTOACNOR5
1860,1152,ENAT3,BRENATACNOR0
1861,1153,MKLC34,BRMKLCBDR006
1862,1154,MELI34,BRMELIBDR006
1863,1155,ADBE34,BRADBEBDR003
1864,1156,DEEC34,BRDEECBDR003
1865,1157,EQIX34,BREQIXBDR002
1866,1158,NVDC34,BRNVDCBDR008
1867,1159,PYPL34,BRPYPLBDR002
1868,1160,UNHH34,BRUNHHBDR000
1869,1161,DGCO34,BRDGCOBDR007
1870,1162,FASL34,BRFASLBDR007
1871,1163,SIMN34,BRSIMNBDR002
1872,1164,BKNG34,BRBKNGBDR006
1873,1165,MUTC34,BRMUTCBDR008
1874,1166,EXGR34,BREXGRBDR004
1875,74,JBDU11,BRJBDUA03OR3
1876,1167,WGBA34,BRWGBABDR008
1877,1168,AVGO34,BRAVGOBDR003
1878,1169,INTU34,BRINTUBDR003
1879,1170,MCOR34,BRMCORBDR005
1880,1171,SLBC34,BRSLBCBDR002
1881,1172,ADPR34,BRADPRBDR005
1882,1173,CAON34,BRCAONBDR009
1883,1174,CHCM34,BRCHCMBDR001
1884,1175,CHME34,BRCHMEBDR007
1885,1176,CNIC34,BRCNICBDR007
1886,1177,CSXC34,BRCSXCBDR005
1887,1178,DDNB34,BRDDNBBDR008
1888,1179,ELCI34,BRELCIBDR007
1889,1180,KMIC34,BRKMICBDR002
1890,1181,LOWC34,BRLOWCBDR007
1891,1182,MOOO34,BRMOOOBDR007
1892,1183,NEXT34,BRNEXTBDR006
1893,1184,NOCG34,BRNOCGBDR006
1894,1185,OXYP34,BROXYPBDR000
1895,1186,PNCS34,BRPNCSBDR008
1896,1187,REGN34,BRREGNBDR005
1897,1188,SPGI34,BRSPGIBDR009
1898,1189,STZB34,BRSTZBBDR006
1899,1190,TJXC34,BRTJXCBDR008
1900,1191,VRTX34,BRVRTXBDR001
1901,1193,NEOE3,BRNEOEACNOR3
1902,1194,APTV34,BRAPTVBDR003
1903,1195,ATVI34,BRATVIBDR008
1904,1196,AWII34,BRAWIIBDR009
1905,1197,AZOI34,BRAZOIBDR000
1906,1198,CAPH34,BRCAPHBDR008
1907,1199,CHDC34,BRCHDCBDR000
1908,1200,CINF34,BRCINFBDR000
1909,1201,CLXC34,BRCLXCBDR000
1910,1202,CPRL34,BRCPRLBDR004
1911,1203,CRDA34,BRCRDABDR003
1912,1204,CRIN34,BRCRINBDR005
1913,1205,DBAG34,BRDBAGBDR008
1914,1206,DCVY34,BRDCVYBDR005
1915,1207,DLTR34,BRDLTRBDR004
1916,1208,DVAI34,BRDVAIBDR002
1917,1209,EAIN34,BREAINBDR007
1918,1210,FFTD34,BRFFTDBDR001
1919,1211,FLTC34,BRFLTCBDR001
1920,1212,GPRK34,BRGPRKBDR007
1921,1213,ISBC34,BRISBCBDR008
1922,1214,KMPR34,BRKMPRBDR005
1923,1215,LBRD34,BRLBRDBDR002
1924,1216,LSXM34,BRLSXMBDR005
1925,1217,ORLY34,BRORLYBDR001
1926,1218,SBNY34,BRSBNYBDR002
1927,1219,SRXM34,BRSRXMBDR002
1928,1220,THGI34,BRTHGIBDR004
1929,1221,TPRY34,BRTPRYBDR001
1930,1222,TSNF34,BRTSNFBDR003
1931,1223,VFCO34,BRVFCOBDR001
1932,1224,VIAM34,BRVIAMBDR003
1933,1225,VLYB34,BRVLYBBDR000
1934,1226,VRSN34,BRVRSNBDR004
1935,1227,WABC34,BRWABCBDR007
1936,1228,WATC34,BRWATCBDR009
1937,1229,XRAY34,BRXRAYBDR005
1938,1230,YUMR34,BRYUMRBDR006
1939,1146,BIDI3,BRBIDIACNOR3
1940,1231,YDUQ3,BRYDUQACNOR3
1941,1232,ALSO3,BRALSOACNOR5
1942,1233,BBSD11,BRBBSDCTF000
1943,1234,BOVA11,BRBOVACTF003
1944,1235,BOVB11,BRBOVBCTF001
1945,1236,BOVV11,BRBOVVCTF009
1946,1237,BRAX11,BRBRAXCTF002
1947,1238,DIVO11,BRDIVOCTF002
1948,1239,ECOO11,BRECOOCTF008
1949,1240,FDES11,BRFDESCTF005
1950,1241,FIND11,BRFINDCTF007
1951,1242,FNAM11,BRFNAMCTF013
1952,1243,FNOR11,BRFNORCTF013
1953,1244,FPOR11,BRFPORCTF000
1954,1245,FSPE11,BRFSPECTF017
1955,1246,FSRF11,BRFSRFCTF010
1956,1247,FSTU11,BRFSTUCTF015
1957,1248,GOVE11,BRGOVECTF004
1958,1249,ISUS11,BRISUSCTF003
1959,1250,IVVB11,BRIVVBCTF001
1960,1251,MATB11,BRMATBCTF001
1961,1252,PIBB11,BRPIBBCTF005
1962,1253,SMAL11,BRSMALCTF002
1963,1254,SPXI11,BRSPXICTF003
1964,1255,XBOV11,BRXBOVCTF005
1965,1256,XPIE11,BRXPIECTF003
1966,1257,XPOM11,BRXPOMCTF004
1967,1258,ESUD11,BRESUDCTF004
1968,1259,FCCQ11,BRFCCQCTF005
1969,1260,FOXC34,BRFOXCBDR007
1970,1261,VIVA3,BRVIVAACNOR0
1971,1262,COGN3,BRCOGNACNOR2
1972,1263,TXSA34,BRTXSABDR003
1973,1264,ABUD34,BRABUDBDR009
1974,1265,FMSC34,BRFMSCBDR001
1975,1266,NOKI34,BRNOKIBDR005
1976,1267,TSMC34,BRTSMCBDR002
1977,1268,ULEV34,BRULEVBDR002
1978,1269,BMGB11,BRBMGBCDAM17
1979,1270,CEAB3,BRCEABACNOR1
1980,1271,PTCH34,BRPTCHBDR008
1981,1272,CRIP34,BRCRIPBDR000
1982,1273,JDCO34,BRJDCOBDR001
1983,1274,BCSA34,BRBCSABDR005
1984,1275,VIGT11,BRVIGTCTF004
1985,1276,SNEC34,BRSNECBDR002
1986,1277,TASA3,BRTASAACNOR7
1987,1277,TASA4,BRTASAACNPR4
1988,1278,STMN34,BRSTMNBDR009
1989,1269,BMGB4,BRBMGBACNPR0
1990,1279,BABA34,BRBABABDR005
1991,1280,ASML34,BRASMLBDR003
1992,1281,BHPG34,BRBHPGBDR007
1993,1282,BIDU34,BRBIDUBDR002
1994,1283,BILB34,BRBILBBDR005
1995,1284,CAJI34,BRCAJIBDR009
1996,1285,CRHP34,BRCRHPBDR002
1997,1286,DEOP34,BRDEOPBDR004
1998,1287,HOND34,BRHONDBDR002
1999,1288,INGG34,BRINGGBDR009
2000,1289,NETE34,BRNETEBDR006
2001,1290,NMRH34,BRNMRHBDR006
2002,1291,PHGN34,BRPHGNBDR002
2003,1292,RDSA34,BRRDSABDR009
2004,1293,RIOT34,BRRIOTBDR007
2005,1294,SAPP34,BRSAPPBDR007
2006,1295,TAKP34,BRTAKPBDR006
2007,1296,TLNC34,BRTLNCBDR005
2008,1297,TMCO34,BRTMCOBDR001
2009,1298,EQPA3,BREQPAACNOR1
2010,1298,EQPA5,BREQPAACNPA4
2011,1299,NTCO3,BRNTCOACNOR5
2012,1298,EQPA7,BREQPAACNPC0
2013,1300,A1LX34,BRA1LXBDR002
2014,275,CAMB3,BRCAMBACNOR4
2015,1301,F1NI34,BRF1NIBDR004
2016,1302,U1BE34,BRU1BEBDR009
2017,1298,EQPA6,BREQPAACNPB2
2018,1303,K1SS34,BRK1SSBDR005
2019,1304,A1DM34,BRA1DMBDR002
2020,1305,S1YF34,BRS1YFBDR002
2021,1306,W1DC34,BRW1DCBDR007
2022,1307,A1MD34,BRA1MDBDR002
2023,1308,A1MT34,BRA1MTBDR008
2024,1309,I1VZ34,BRI1VZBDR008
2025,205,BOBR3,BRBOBRACNOR6
2026,1310,C1CL34,BRC1CLBDR004
2027,1311,A1PA34,BRA1PABDR001
2028,1312,M1RO34,BRM1ROBDR004
2029,1313,C1IC34,BRC1ICBDR000
2030,1314,U1AL34,BRU1ALBDR006
2031,1315,B1SX34,BRB1SXBDR006
2032,1316,D1OM34,BRD1OMBDR006
2033,1317,F1IS34,BRF1ISBDR003
2034,1318,J1CI34,BRJ1CIBDR003
2035,1319,T1EC34,BRT1ECBDR000
2036,1320,T1MU34,BRT1MUBDR005
2037,1321,T1SO34,BRT1SOBDR005
2038,1322,L1RC34,BRL1RCBDR000
2039,1323,EQMA3B,BREQMAACNOR8
2040,1324,MTRE3,BRMTREACNOR6
2041,1325,N1XP34,BRN1XPBDR008
2042,1326,S1TX34,BRS1TXBDR005
2043,1327,F1TV34,BRF1TVBDR004
2044,1328,LWSA3,BRLWSAACNOR8
2045,1329,A1AP34,BRA1APBDR001
2046,1330,A1KA34,BRA1KABDR002
2047,1331,B1MR34,BRB1MRBDR001
2048,1332,C1HR34,BRC1HRBDR000
2049,1333,E1CL34,BRE1CLBDR002
2050,1334,I1NF34,BRI1NFBDR007
2051,1335,L1IN34,BRL1INBDR006
2052,1336,M1KC34,BRM1KCBDR004
2053,1337,N1OV34,BRN1OVBDR005
2054,1338,P1IO34,BRP1IOBDR000
2055,1339,A1EP34,BRA1EPBDR003
2056,1340,C1NP34,BRC1NPBDR002
2057,1341,D1TE34,BRD1TEBDR002
2058,1342,E1SE34,BRE1SEBDR003
2059,1343,E1VR34,BRE1VRBDR009
2060,1344,P1AY34,BRP1AYBDR006
2061,1345,P1LD34,BRP1LDBDR007
2062,1346,R1SG34,BRR1SGBDR003
2063,1347,T1SC34,BRT1SCBDR000
2064,1348,W1MC34,BRW1MCBDR008
2065,1349,X1EL34,BRX1ELBDR005
2066,1350,C1BO34,BRC1BOBDR000
2067,1351,C1ER34,BRC1ERBDR007
2068,1352,F1EC34,BRF1ECBDR006
2069,1353,G1WW34,BRG1WWBDR005
2070,1354,I1CE34,BRI1CEBDR003
2071,1355,L1BT34,BRL1BTBDR016
2072,1356,S1PO34,BRS1POBDR002
2073,1357,M1CB34,BRM1CBBDR003
2074,1358,N1BL34,BRN1BLBDR003
2075,1359,N1TA34,BRN1TABDR008
2076,1360,C1TL34,BRC1TLBDR008
2077,1361,C1TX34,BRC1TXBDR003
2078,1362,E1XC34,BRE1XCBDR007
2079,1363,I1PG34,BRI1PGBDR000
2080,1364,M1GM34,BRM1GMBDR019
2081,1365,MDNE3,BRMDNEACNOR9
2082,1366,P1DT34,BRP1DTBDR000
2083,1367,T1RI34,BRT1RIBDR009
2084,1368,A1LB34,BRA1LBBDR008
2085,1369,PRNR3,BRPRNRACNOR4
2086,1370,A1BM34,BRA1BMBDR006
2087,1371,A1DI34,BRA1DIBDR000
2088,1372,A1NT34,BRA1NTBDR006
2089,1373,A1PD34,BRA1PDBDR005
2090,1374,A1UT34,BRA1UTBDR001
2091,1375,B1BT34,BRB1BTBDR000
2092,1376,E1OG34,BRE1OGBDR007
2093,1377,F1LS34,BRF1LSBDR007
2094,1378,H1CA34,BRH1CABDR002
2095,1379,K1LA34,BRK1LABDR008
2096,1380,L1NC34,BRL1NCBDR009
2097,1381,P1SX34,BRP1SXBDR000
2098,1382,S1YY34,BRS1YYBDR003
2099,1383,C1XO34,BRC1XOBDR004
2100,1384,E1XR34,BRE1XRBDR005
2101,1385,F1AN34,BRF1ANBDR001
2102,1386,G1RM34,BRG1RMBDR006
2103,1387,A1GN34,BRA1GNBDR003
2104,1388,B1DX34,BRB1DXBDR008
2105,1389,C1BS34,BRC1BSBDR001
2106,1390,C1PR34,BRC1PRBDR003
2107,1391,I1FF34,BRI1FFBDR003
2108,1392,C1NC34,BRC1NCBDR000
2109,1393,C1OG34,BRC1OGBDR009
2110,1394,I1SR34,BRI1SRBDR001
2111,1395,L1KQ34,BRL1KQBDR005
2112,1396,M1MC34,BRM1MCBDR000
2113,1397,M1SI34,BRM1SIBDR004
2114,1398,N1EM34,BRN1EMBDR005
2115,1399,P1GR34,BRP1GRBDR007
2116,1400,S1BA34,BRS1BABDR001
2117,1401,S1YK34,BRS1YKBDR002
2118,1402,T1FX34,BRT1FXBDR003
2119,1403,Z1TS34,BRZ1TSBDR006
2120,1404,A1FL34,BRA1FLBDR009
2121,1405,A1LL34,BRA1LLBDR007
2122,1406,A1OS34,BRA1OSBDR006
2123,1407,M1PC34,BRM1PCBDR003
2124,1410,C1MG34,BRC1MGBDR003
2125,1411,D1VN34,BRD1VNBDR009
2126,1206,DCVY35,BRDCVYBDR013
2127,1412,E1IX34,BRE1IXBDR004
2128,1413,E1TN34,BRE1TNBDR002
2129,1414,F1LI34,BRF1LIBDR008
2130,1415,H1BI34,BRH1BIBDR007
2131,1416,H1LT34,BRH1LTBDR003
2132,1417,J1WN34,BRJ1WNBDR001
2133,1418,M1TT34,BRM1TTBDR009
2134,1419,N1CL34,BRN1CLBDR001
2135,1420,N1RG34,BRN1RGBDR009
2136,1421,P1RG34,BRP1RGBDR007
2137,1422,Q1UA34,BRQ1UABDR003
2138,1423,R1CL34,BRR1CLBDR007
2139,1424,S1OU34,BRS1OUBDR002
2140,1425,S1TT34,BRS1TTBDR003
2141,1426,A1ES34,BRA1ESBDR007
2142,1427,B1KR34,BRB1KRBDR005
2143,1428,C1CI34,BRC1CIBDR000
2144,1429,C1FG34,BRC1FGBDR007
2145,1430,C1FI34,BRC1FIBDR003
2146,1431,D1EL34,BRD1ELBDR009
2147,1432,D1FS34,BRD1FSBDR001
2148,1433,D1HI34,BRD1HIBDR008
2149,1434,D1IS34,BRD1ISBDR005
2150,1435,D1XC34,BRD1XCBDR008
2151,1436,E1MN34,BRE1MNBDR007
2152,1437,E1QR34,BRE1QRBDR009
2153,1438,F1RA34,BRF1RABDR002
2154,1439,G1LW34,BRG1LWBDR008
2155,1440,G1MI34,BRG1MIBDR005
2156,1441,H1BA34,BRH1BABDR004
2157,1442,H1ES34,BRH1ESBDR000
2158,1443,H1FC34,BRH1FCBDR001
2159,1444,H1OL34,BRH1OLBDR004
2160,1445,H1PE34,BRH1PEBDR006
2161,1446,H1ST34,BRH1STBDR008
2162,1447,K1EY34,BRK1EYBDR003
2163,1448,M1NS34,BRM1NSBDR004
2164,1449,N1IS34,BRN1ISBDR003
2165,1450,N1LS34,BRN1LSBDR007
2166,1451,N1WL34,BRN1WLBDR009
2167,1452,N1WS34,BRN1WSBDR004
2168,1453,P1EA34,BRP1EABDR008
2169,1454,R1FC34,BRR1FCBDR009
2170,1455,R1LC34,BRR1LCBDR007
2171,1456,T1OW34,BRT1OWBDR007
2172,1457,U1NM34,BRU1NMBDR007
2173,1458,W1DA34,BRW1DABDR001
2174,1459,W1MB34,BRW1MBBDR000
2175,1460,W1RK34,BRW1RKBDR000
2176,1461,W1YC34,BRW1YCBDR003
2177,1462,W1YN34,BRW1YNBDR000
2178,1463,Z1IO34,BRZ1IOBDR008
2179,1464,C1AG34,BRC1AGBDR008
2180,1465,C1AH34,BRC1AHBDR006
2181,1466,H1RL34,BRH1RLBDR007
2182,1467,I1PC34,BRI1PCBDR009
2183,1468,K1RC34,BRK1RCBDR001
2184,1469,L1EN34,BRL1ENBDR005
2185,1470,M1AS34,BRM1ASBDR001
2186,1471,M1CH34,BRM1CHBDR000
2187,1472,N1DA34,BRN1DABDR002
2188,1473,P1HM34,BRP1HMBDR006
2189,1474,P1PL34,BRP1PLBDR001
2190,1475,S1YM34,BRS1YMBDR008
2191,1476,U1LT34,BRU1LTBDR006
2192,1477,X1LN34,BRX1LNBDR006
2193,1478,A1EN34,BRA1ENBDR008
2194,1479,A1GI34,BRA1GIBDR003
2195,1480,A1LK34,BRA1LKBDR009
2196,1481,A1MP34,BRA1MPBDR006
2197,1482,A1PH34,BRA1PHBDR006
2198,1483,A1SU34,BRA1SUBDR003
2199,1484,A1TT34,BRA1TTBDR003
2200,1485,A1VY34,BRA1VYBDR009
2201,1486,B1WA34,BRB1WABDR006
2202,1487,C1MA34,BRC1MABDR006
2203,1488,D1LR34,BRD1LRBDR001
2204,1489,E1TF34,BRE1TFBDR008
2205,1490,F1BH34,BRF1BHBDR001
2206,1491,H1IG34,BRH1IGBDR006
2207,1492,I1RM34,BRI1RMBDR004
2208,1493,I1TW34,BRI1TWBDR009
2209,1494,K1IM34,BRK1IMBDR009
2210,1495,K1SG34,BRK1SGBDR000
2211,1496,M1SC34,BRM1SCBDR007
2212,1497,M1TB34,BRM1TBBDR007
2213,1498,N1SC34,BRN1SCBDR006
2214,1499,N1TR34,BRN1TRBDR002
2215,1500,N1UE34,BRN1UEBDR008
2216,1501,P1AC34,BRP1ACBDR002
2217,1502,P1BC34,BRP1BCBDR000
2218,1503,P1EG34,BRP1EGBDR005
2219,1504,P1FG34,BRP1FGBDR002
2220,1505,P1HC34,BRP1HCBDR007
2221,1506,R1EG34,BRR1EGBDR003
2222,1507,R1JF34,BRR1JFBDR004
2223,1509,S1IV34,BRS1IVBDR002
2224,1510,S1NP34,BRS1NPBDR004
2225,1511,S1SL34,BRS1SLBDR002
2226,1512,S1WK34,BRS1WKBDR006
2227,1513,T1RO34,BRT1ROBDR007
2228,1514,T1XT34,BRT1XTBDR004
2229,1515,U1AI34,BRU1AIBDR002
2230,1516,V1NO34,BRV1NOBDR002
2231,1517,W1EL34,BRW1ELBDR006
2232,1518,W1HR34,BRW1HRBDR006
2233,1519,A1NS34,BRA1NSBDR008
2234,1520,E1WL34,BRE1WLBDR000
2235,1521,I1DX34,BRI1DXBDR001
2236,1522,B1LL34,BRB1LLBDR006
2237,1523,V1RS34,BRV1RSBDR004
2238,1524,I1RP34,BRI1RPBDR007
2239,1525,O1KE34,BRO1KEBDR008
2240,1526,G1PI34,BRG1PIBDR008
2241,1527,A1LG34,BRA1LGBDR007
2242,1528,B1FC34,BRB1FCBDR007
2243,1529,C1PB34,BRC1PBBDR007
2244,1530,J1EF34,BRJ1EFBDR005
2245,1531,J1NP34,BRJ1NPBDR005
2246,1532,K1MX34,BRK1MXBDR008
2247,1533,S1HW34,BRS1HWBDR002
2248,1534,S1LG34,BRS1LGBDR007
2249,1535,T1DG34,BRT1DGBDR003
2250,1536,Z1BH34,BRZ1BHBDR007
2251,1537,F1MC34,BRF1MCBDR009
2252,1538,H1RB34,BRH1RBBDR008
2253,1540,L1WH34,BRL1WHBDR009
2254,1541,U1RI34,BRU1RIBDR006
2255,1542,D1OV34,BRD1OVBDR007
2256,1543,D1RI34,BRD1RIBDR007
2257,1544,G1AR34,BRG1ARBDR001
2258,1545,G1PC34,BRG1PCBDR001
2259,1546,H1AS34,BRH1ASBDR008
2260,1547,I1LM34,BRI1LMBDR007
2261,1548,L1UL34,BRL1ULBDR005
2262,1549,M1HK34,BRM1HKBDR003
2263,1550,N1VR34,BRN1VRBDR008
2264,1551,P1KG34,BRP1KGBDR002
2265,1552,P1NW34,BRP1NWBDR003
2266,1553,P1VH34,BRP1VHBDR007
2267,1554,R1OK34,BRR1OKBDR004
2268,1555,S1EA34,BRS1EABDR005
2269,1556,V1MC34,BRV1MCBDR009
2270,1557,V1TA34,BRV1TABDR008
2271,1558,W1AB34,BRW1ABBDR005
2272,1559,A1IV34,BRA1IVBDR002
2273,1560,A1JG34,BRA1JGBDR001
2274,1561,C1BR34,BRC1BRBDR003
2275,1562,E1FX34,BRE1FXBDR000
2276,1563,E1MR34,BRE1MRBDR008
2277,1564,E1TR34,BRE1TRBDR003
2278,1565,E1VE34,BRE1VEBDR007
2279,1566,F1RC34,BRF1RCBDR008
2280,1567,F1RI34,BRF1RIBDR005
2281,1568,H1SI34,BRH1SIBDR001
2282,1569,H1UM34,BRH1UMBDR009
2283,1570,I1PH34,BRI1PHBDR008
2284,1571,K1CS34,BRK1CSBDR009
2285,1572,L1EG34,BRL1EGBDR009
2286,1573,M1CK34,BRM1CKBDR004
2287,1574,O1MC34,BRO1MCBDR008
2288,1575,R1IN34,BRR1INBDR000
2289,1576,R1OP34,BRR1OPBDR003
2290,1577,S1JM34,BRS1JMBDR009
2291,1578,U1DR34,BRU1DRBDR007
2292,1579,U1HS34,BRU1HSBDR006
2293,1580,W1EC34,BRW1ECBDR005
2294,1581,X1YL34,BRX1YLBDR003
2295,1582,A1VB34,BRA1VBBDR007
2296,1583,D1RE34,BRD1REBDR006
2297,1584,A1EE34,BRA1EEBDR007
2298,1585,A1WK34,BRA1WKBDR006
2299,1586,C1MS34,BRC1MSBDR008
2300,1587,C1TA34,BRC1TABDR001
2301,1588,F1TN34,BRF1TNBDR001
2302,1589,G1LL34,BRG1LLBDR001
2303,1590,H1OG34,BRH1OGBDR004
2304,1591,K1EL34,BRK1ELBDR000
2305,1592,L1OE34,BRL1OEBDR003
2306,1593,R1HI34,BRR1HIBDR002
2307,1594,T1EL34,BRT1ELBDR001
2308,1595,M1AA34,BRM1AABDR009
2309,1596,R1MD34,BRR1MDBDR003
2310,1597,E1DI34,BRE1DIBDR006
2311,1598,M1TD34,BRM1TDBDR003
2312,1599,A1MB34,BRA1MBBDR006
2313,1600,T1TW34,BRT1TWBDR006
2314,1601,H1II34,BRH1IIBDR002
2315,1602,L1YB34,BRL1YBBDR008
2316,1603,RYTT34,BRRYTTBDR003
2317,1604,C1BL34,BRC1BLBDR006
2318,1605,A1ON34,BRA1ONBDR007
2319,1606,A1RE34,BRA1REBDR009
2320,1607,W1LT34,BRW1LTBDR004
2321,1608,A1ME34,BRA1MEBDR000
2322,1609,Q1RV34,BRQ1RVBDR005
2323,1610,A1NE34,BRA1NEBDR008
2324,1611,L1CA34,BRL1CABDR006
2325,1612,ALPK3,BRALPKACNOR9
2326,1614,C1OO34,BRC1OOBDR003
2327,1615,E1SS34,BRE1SSBDR003
2328,1616,L1HX34,BRL1HXBDR007
2329,1617,S1NA34,BRS1NABDR006
2330,1618,A1TM34,BRA1TMBDR008
2331,1619,C1DN34,BRC1DNBDR008
2332,1620,R1OL34,BRR1OLBDR002
2333,1621,I1NC34,BRI1NCBDR004
2334,1622,M1XI34,BRM1XIBDR004
2335,1623,J1KH34,BRJ1KHBDR008
2336,1624,F1FI34,BRF1FIBDR000
2337,1625,B1RF34,BRB1RFBDR005
2338,1094,BPAC13,BRBPACUNT014
2339,1626,AURA33,BRAURABDR001
2340,1627,C1NS34,BRC1NSBDR006
2341,1628,AMBP3,BRAMBPACNOR6
2342,1629,PDTC3,BRPDTCACNOR3
2343,1630,C1HK34,BRC1HKBDR005
2344,1631,SOMA3,BRSOMAACNOR3
2345,1632,P1SA34,BRP1SABDR008
2346,1633,DMVF3,BRDMVFACNOR9
2347,1634,LJQQ3,BRLJQQACNOR5
2348,1635,P1KI34,BRP1KIBDR008
2349,1636,M1LM34,BRM1LMBDR001
2350,1637,LAVV3,BRLAVVACNOR4
2351,1638,PGMN3,BRPGMNACNOR8
2352,928,JSLG11,BRJSLGA02OR1
2353,1639,PETZ3,BRPETZACNOR2
2354,1640,PLPL3,BRPLPLACNOR5
2355,1641,SIMH3,BRSIMHACNOR0
2356,1642,CURY3,BRCURYACNOR3
2357,1643,HBSA3,BRHBSAACNOR0
2358,1644,MELK3,BRMELKACNOR8
2359,1645,L1MN34,BRL1MNBDR008
2360,1646,BOAS3,BRBOASACNOR6
2361,1647,SEQL3,BRSEQLACNOR2
2362,1648,GMAT3,BRGMATACNOR7
2363,1649,TIMS3,BRTIMSACNOR5
2364,1650,A1LN34,BRA1LNBDR003
2365,1651,B1AM34,BRB1AMBDR007
2366,1652,C1DW34,BRC1DWBDR009
2367,1653,H1ZN34,BRH1ZNBDR006
2368,1654,M1KT34,BRM1KTBDR008
2369,1655,M1RN34,BRM1RNBDR006
2370,1656,N1BI34,BRN1BIBDR009
2371,1657,S1GE34,BRS1GEBDR002
2372,1658,S1RP34,BRS1RPBDR005
2373,1659,S1TE34,BRS1TEBDR005
2374,1660,T1CH34,BRT1CHBDR003
2375,1661,Z1BR34,BRZ1BRBDR006
2376,1662,Z1OM34,BRZ1OMBDR000
2377,1663,F1SL34,BRF1SLBDR007
2378,1664,D1EX34,BRD1EXBDR004
2379,1665,D1OC34,BRD1OCBDR007
2380,1666,M1DB34,BRM1DBBDR001
2381,1667,A1RG34,BRA1RGBDR004
2382,1668,A1SN34,BRA1SNBDR008
2383,1669,A1TH34,BRA1THBDR008
2384,1670,A1ZN34,BRA1ZNBDR003
2385,1671,B1CS34,BRB1CSBDR000
2386,1672,B1GN34,BRB1GNBDR002
2387,1673,B1PP34,BRB1PPBDR008
2388,1674,B1SA34,BRB1SABDR004
2389,1675,B1TI34,BRB1TIBDR005
2390,1676,C1EO34,BRC1EOBDR004
2391,1677,C1HI34,BRC1HIBDR009
2392,1678,C1HL34,BRC1HLBDR003
2393,1679,E1CO34,BRE1COBDR006
2394,1680,E1DU34,BRE1DUBDR001
2395,1681,G1LP34,BRG1LPBDR002
2396,1682,G1SK34,BRG1SKBDR008
2397,1683,H1DB34,BRH1DBBDR008
2398,1684,H1SB34,BRH1SBBDR006
2399,1685,I1BN34,BRI1BNBDR006
2400,1686,I1FO34,BRI1FOBDR005
2401,1687,I1XC34,BRI1XCBDR003
2402,1688,L1FC34,BRL1FCBDR005
2403,1689,L1YG34,BRL1YGBDR007
2404,1690,M1LC34,BRM1LCBDR002
2405,1691,N1VO34,BRN1VOBDR005
2406,1692,N1VS34,BRN1VSBDR006
2407,1693,N1WG34,BRN1WGBDR009
2408,1694,P1DD34,BRP1DDBDR004
2409,1695,R1DY34,BRR1DYBDR008
2410,1696,S1SN34,BRS1SNBDR008
2411,1697,U1NL34,BRU1NLBDR009
2412,1698,W1BO34,BRW1BOBDR006
2413,1699,W1PP34,BRW1PPBDR003
2414,1700,Z1TO34,BRZ1TOBDR005
2415,1701,B1AX34,BRB1AXBDR004
2416,1702,K1BF34,BRK1BFBDR008
2417,1355,L1BT35,BRL1BTBDR024
2418,1703,P1UK34,BRP1UKBDR003
2419,1704,S1RE34,BRS1REBDR009
2420,1705,V1AR34,BRV1ARBDR002
2421,1706,V1IP34,BRV1IPBDR009
2422,1707,A1BB34,BRA1BBBDR009
2423,1708,A1MX34,BRA1MXBDR000
2424,1709,B1BL34,BRB1BLBDR007
2425,1710,B1NT34,BRB1NTBDR005
2426,1711,C1AB34,BRC1ABBDR009
2427,1712,C1SU34,BRC1SUBDR001
2428,1713,C1TV34,BRC1TVBDR007
2429,1714,D1DG34,BRD1DGBDR001
2430,1715,E1QN34,BRE1QNBDR008
2431,1716,K1TC34,BRK1TCBDR007
2432,1717,S1KM34,BRS1KMBDR007
2433,1718,S1MF34,BRS1MFBDR007
2434,1719,T1AM34,BRT1AMBDR007
2435,1720,T1EV34,BRT1EVBDR000
2436,1721,B1IL34,BRB1ILBDR002
2437,1722,E1NI34,BRE1NIBDR005
2438,1723,N1IC34,BRN1ICBDR007
2439,1724,P1KX34,BRP1KXBDR007
2440,1725,R1KU34,BRR1KUBDR001
2441,1727,S1PL34,BRS1PLBDR008
2442,1728,T1WL34,BRT1WLBDR003
2443,1729,A1YX34,BRA1YXBDR005
2444,1730,L1DO34,BRL1DOBDR005
2445,1731,M1BT34,BRM1BTBDR007
2446,1732,N1OW34,BRN1OWBDR003
2447,1733,TFCO4,BRTFCOACNPR8
2448,1734,W1MG34,BRW1MGBDR009
2449,1735,A1EG34,BRA1EGBDR002
2450,1736,C1OU34,BRC1OUBDR000
2451,1737,E1RI34,BRE1RIBDR006
2452,1738,G1FI34,BRG1FIBDR009
2453,1739,P1NR34,BRP1NRBDR003
2454,1740,V1OD34,BRV1ODBDR003
2455,1741,W1RB34,BRW1RBBDR009
2456,1742,C1HT34,BRC1HTBDR006
2457,1743,D1OW34,BRD1OWBDR005
2458,1744,H1EI34,BRH1EIBDR001
2459,1745,N1GG34,BRN1GGBDR002
2460,1746,T1LK34,BRT1LKBDR008
2461,1747,W1BK34,BRW1BKBDR004
2462,1748,A1CR34,BRA1CRBDR003
2463,1749,L1VS34,BRL1VSBDR008
2464,1750,R1YA34,BRR1YABDR004
2465,1751,E1XP34,BRE1XPBDR009
2466,1752,P1YC34,BRP1YCBDR002
2467,1753,CASH3,BRCASHACNOR8
2468,1754,I1AC34,BRI1ACBDR001
2469,1755,T1SS34,BRT1SSBDR006
2470,1756,C1RR34,BRC1RRBDR009
2471,1452,N1WS35,BRN1WSBDR012
2472,1757,W1IX34,BRW1IXBDR002
2473,1758,ENJU3,BRENJUACNOR9
2474,1759,Q1UE34,BRQ1UEBDR005
2475,1760,AERI3,BRAERIACNOR4
2476,1761,I1HG34,BRI1HGBDR007
2477,1762,RRRP3,BRRRRPACNOR5
2478,1763,G1DS34,BRG1DSBDR003
2479,625,GPCP4,BRGPCPACNPR1
2480,1764,H1TH34,BRH1THBDR001
2481,1765,P1PG34,BRP1PGBDR001
2482,1766,S1NN34,BRS1NNBDR009
2483,1767,T1AL34,BRT1ALBDR009
2484,1768,O1KT34,BRO1KTBDR006
2485,1769,C1GP34,BRC1GPBDR006
2486,1770,M1TC34,BRM1TCBDR005
2487,1771,I1QV34,BRI1QVBDR007
2488,1772,W1SO34,BRW1SOBDR000
2489,1773,I1EX34,BRI1EXBDR009
2490,1774,O1TI34,BRO1TIBDR000
2491,1775,BAAX39,BRBAAXBDR009
2492,1776,BACW39,BRBACWBDR007
2493,1777,BAER39,BRBAERBDR003
2494,1778,BCHI39,BRBCHIBDR001
2495,1779,BDVY39,BRBDVYBDR007
2496,1780,BEEM39,BRBEEMBDR006
2497,1781,BEFA39,BRBEFABDR008
2498,1782,BEWH39,BRBEWHBDR008
2499,1783,BEWJ39,BRBEWJBDR004
2500,1784,BEWT39,BRBEWTBDR003
2501,1785,BEWU39,BRBEWUBDR001
2502,1786,BEWY39,BRBEWYBDR003
2503,1787,BEWZ39,BRBEWZBDR000
2504,1788,BIAU39,BRBIAUBDR008
2505,1789,BIBB39,BRBIBBBDR006
2506,1790,BIEU39,BRBIEUBDR000
2507,1791,BIGF39,BRBIGFBDR006
2508,1792,BIWM39,BRBIWMBDR009
2509,1793,BIYF39,BRBIYFBDR009
2510,1794,BIYW39,BRBIYWBDR004
2511,1795,BNDA39,BRBNDABDR004
2512,1796,BSLV39,BRBSLVBDR002
2513,1797,BEGE39,BRBEGEBDR008
2514,1798,BEGU39,BRBEGUBDR004
2515,1799,BEWG39,BRBEWGBDR000
2516,1800,BEZU39,BRBEZUBDR004
2517,1801,BIEF39,BRBIEFBDR001
2518,1802,BIEM39,BRBIEMBDR007
2519,1803,BIJH39,BRBIJHBDR006
2520,1804,BIJR39,BRBIJRBDR005
2521,1805,BILF39,BRBILFBDR006
2522,1806,BITO39,BRBITOBDR001
2523,1807,BIVB39,BRBIVBBDR004
2524,1808,BUSM39,BRBUSMBDR002
2525,1809,BEWP39,BRBEWPBDR001
2526,1810,BEWW39,BRBEWWBDR007
2527,1292,RDSA35,BRRDSABDR017
2528,1811,BEGD39,BRBEGDBDR000
2529,1812,BIXJ39,BRBIXJBDR003
2530,1813,BIXN39,BRBIXNBDR005
2531,1814,R1EL34,BRR1ELBDR003
2532,1815,O1DF34,BRO1DFBDR000
2533,1816,RDOR3,BRRDORACNOR8
2534,1817,AVLL3,BRAVLLACNOR5
2535,1818,M1UF34,BRM1UFBDR006
2536,1819,NGRD3,BRNGRDACNOR3
2537,1820,A1UA34,BRA1UABDR001
2538,1821,I1QY34,BRI1QYBDR001
2539,1822,S1BS34,BRS1BSBDR003
2540,1216,LSXM35,BRLSXMBDR013
